[debug] [2025-12-04T18:21:27.589Z] ----------------------------------------------------------------------
[debug] [2025-12-04T18:21:27.591Z] Command:       C:\nvm4w\nodejs\node.exe C:\nvm4w\nodejs\node_modules\firebase-tools\lib\bin\firebase.js deploy --only functions:onHostComment,functions:onGuestComment
[debug] [2025-12-04T18:21:27.592Z] CLI Version:   13.35.1
[debug] [2025-12-04T18:21:27.592Z] Platform:      win32
[debug] [2025-12-04T18:21:27.592Z] Node Version:  v18.20.8
[debug] [2025-12-04T18:21:27.593Z] Time:          Thu Dec 04 2025 13:21:27 GMT-0500 (Eastern Standard Time)
[debug] [2025-12-04T18:21:27.594Z] ----------------------------------------------------------------------
[debug] 
[debug] [2025-12-04T18:21:27.765Z] Object "" in "firebase.json" has unknown property: {"additionalProperty":"react-native"}
[debug] [2025-12-04T18:21:27.769Z] > command requires scopes: ["email","openid","https://www.googleapis.com/auth/cloudplatformprojects.readonly","https://www.googleapis.com/auth/firebase","https://www.googleapis.com/auth/cloud-platform"]
[debug] [2025-12-04T18:21:27.769Z] > authorizing via signed-in user (tigersgorawr87@gmail.com)
[debug] [2025-12-04T18:21:27.770Z] [iam] checking project bigvibestudios-b9839 for permissions ["cloudfunctions.functions.create","cloudfunctions.functions.delete","cloudfunctions.functions.get","cloudfunctions.functions.list","cloudfunctions.functions.update","cloudfunctions.operations.get","firebase.projects.get"]
[debug] [2025-12-04T18:21:27.771Z] Checked if tokens are valid: true, expires at: 1764876081402
[debug] [2025-12-04T18:21:27.771Z] Checked if tokens are valid: true, expires at: 1764876081402
[debug] [2025-12-04T18:21:27.772Z] >>> [apiv2][query] POST https://cloudresourcemanager.googleapis.com/v1/projects/bigvibestudios-b9839:testIamPermissions [none]
[debug] [2025-12-04T18:21:27.772Z] >>> [apiv2][(partial)header] POST https://cloudresourcemanager.googleapis.com/v1/projects/bigvibestudios-b9839:testIamPermissions x-goog-quota-user=projects/bigvibestudios-b9839
[debug] [2025-12-04T18:21:27.772Z] >>> [apiv2][body] POST https://cloudresourcemanager.googleapis.com/v1/projects/bigvibestudios-b9839:testIamPermissions {"permissions":["cloudfunctions.functions.create","cloudfunctions.functions.delete","cloudfunctions.functions.get","cloudfunctions.functions.list","cloudfunctions.functions.update","cloudfunctions.operations.get","firebase.projects.get"]}
[debug] [2025-12-04T18:21:27.981Z] <<< [apiv2][status] POST https://cloudresourcemanager.googleapis.com/v1/projects/bigvibestudios-b9839:testIamPermissions 200
[debug] [2025-12-04T18:21:27.982Z] <<< [apiv2][body] POST https://cloudresourcemanager.googleapis.com/v1/projects/bigvibestudios-b9839:testIamPermissions {"permissions":["cloudfunctions.functions.create","cloudfunctions.functions.delete","cloudfunctions.functions.get","cloudfunctions.functions.list","cloudfunctions.functions.update","cloudfunctions.operations.get","firebase.projects.get"]}
[debug] [2025-12-04T18:21:27.982Z] Checked if tokens are valid: true, expires at: 1764876081402
[debug] [2025-12-04T18:21:27.982Z] Checked if tokens are valid: true, expires at: 1764876081402
[debug] [2025-12-04T18:21:27.982Z] >>> [apiv2][query] POST https://iam.googleapis.com/v1/projects/bigvibestudios-b9839/serviceAccounts/bigvibestudios-b9839@appspot.gserviceaccount.com:testIamPermissions [none]
[debug] [2025-12-04T18:21:27.982Z] >>> [apiv2][body] POST https://iam.googleapis.com/v1/projects/bigvibestudios-b9839/serviceAccounts/bigvibestudios-b9839@appspot.gserviceaccount.com:testIamPermissions {"permissions":["iam.serviceAccounts.actAs"]}
[debug] [2025-12-04T18:21:28.145Z] <<< [apiv2][status] POST https://iam.googleapis.com/v1/projects/bigvibestudios-b9839/serviceAccounts/bigvibestudios-b9839@appspot.gserviceaccount.com:testIamPermissions 200
[debug] [2025-12-04T18:21:28.145Z] <<< [apiv2][body] POST https://iam.googleapis.com/v1/projects/bigvibestudios-b9839/serviceAccounts/bigvibestudios-b9839@appspot.gserviceaccount.com:testIamPermissions {"permissions":["iam.serviceAccounts.actAs"]}
[info] 
[info] === Deploying to 'bigvibestudios-b9839'...
[info] 
[info] i  deploying functions 
[debug] [2025-12-04T18:21:28.147Z] Checked if tokens are valid: true, expires at: 1764876081402
[debug] [2025-12-04T18:21:28.148Z] Checked if tokens are valid: true, expires at: 1764876081402
[debug] [2025-12-04T18:21:28.148Z] >>> [apiv2][query] GET https://cloudresourcemanager.googleapis.com/v1/projects/bigvibestudios-b9839 [none]
[debug] [2025-12-04T18:21:28.267Z] <<< [apiv2][status] GET https://cloudresourcemanager.googleapis.com/v1/projects/bigvibestudios-b9839 200
[debug] [2025-12-04T18:21:28.267Z] <<< [apiv2][body] GET https://cloudresourcemanager.googleapis.com/v1/projects/bigvibestudios-b9839 {"projectNumber":"824215388091","projectId":"bigvibestudios-b9839","lifecycleState":"ACTIVE","name":"BigVibeStudios","labels":{"firebase":"enabled","firebase-core":"disabled"},"createTime":"2025-06-19T13:42:36.603020Z"}
[info] i  functions: preparing codebase default for deployment 
[info] i  functions: ensuring required API cloudfunctions.googleapis.com is enabled... 
[debug] [2025-12-04T18:21:28.269Z] Checked if tokens are valid: true, expires at: 1764876081402
[debug] [2025-12-04T18:21:28.269Z] Checked if tokens are valid: true, expires at: 1764876081402
[debug] [2025-12-04T18:21:28.269Z] Checked if tokens are valid: true, expires at: 1764876081402
[debug] [2025-12-04T18:21:28.269Z] Checked if tokens are valid: true, expires at: 1764876081402
[info] i  functions: ensuring required API cloudbuild.googleapis.com is enabled... 
[debug] [2025-12-04T18:21:28.270Z] Checked if tokens are valid: true, expires at: 1764876081402
[debug] [2025-12-04T18:21:28.270Z] Checked if tokens are valid: true, expires at: 1764876081402
[info] i  artifactregistry: ensuring required API artifactregistry.googleapis.com is enabled... 
[debug] [2025-12-04T18:21:28.270Z] Checked if tokens are valid: true, expires at: 1764876081402
[debug] [2025-12-04T18:21:28.270Z] Checked if tokens are valid: true, expires at: 1764876081402
[debug] [2025-12-04T18:21:28.270Z] >>> [apiv2][query] GET https://serviceusage.googleapis.com/v1/projects/bigvibestudios-b9839/services/cloudfunctions.googleapis.com [none]
[debug] [2025-12-04T18:21:28.270Z] >>> [apiv2][(partial)header] GET https://serviceusage.googleapis.com/v1/projects/bigvibestudios-b9839/services/cloudfunctions.googleapis.com x-goog-quota-user=projects/bigvibestudios-b9839
[debug] [2025-12-04T18:21:28.271Z] >>> [apiv2][query] GET https://serviceusage.googleapis.com/v1/projects/bigvibestudios-b9839/services/runtimeconfig.googleapis.com [none]
[debug] [2025-12-04T18:21:28.271Z] >>> [apiv2][(partial)header] GET https://serviceusage.googleapis.com/v1/projects/bigvibestudios-b9839/services/runtimeconfig.googleapis.com x-goog-quota-user=projects/bigvibestudios-b9839
[debug] [2025-12-04T18:21:28.272Z] >>> [apiv2][query] GET https://serviceusage.googleapis.com/v1/projects/bigvibestudios-b9839/services/cloudbuild.googleapis.com [none]
[debug] [2025-12-04T18:21:28.272Z] >>> [apiv2][(partial)header] GET https://serviceusage.googleapis.com/v1/projects/bigvibestudios-b9839/services/cloudbuild.googleapis.com x-goog-quota-user=projects/bigvibestudios-b9839
[debug] [2025-12-04T18:21:28.272Z] >>> [apiv2][query] GET https://serviceusage.googleapis.com/v1/projects/bigvibestudios-b9839/services/artifactregistry.googleapis.com [none]
[debug] [2025-12-04T18:21:28.272Z] >>> [apiv2][(partial)header] GET https://serviceusage.googleapis.com/v1/projects/bigvibestudios-b9839/services/artifactregistry.googleapis.com x-goog-quota-user=projects/bigvibestudios-b9839
[debug] [2025-12-04T18:21:28.539Z] <<< [apiv2][status] GET https://serviceusage.googleapis.com/v1/projects/bigvibestudios-b9839/services/runtimeconfig.googleapis.com 200
[debug] [2025-12-04T18:21:28.539Z] <<< [apiv2][body] GET https://serviceusage.googleapis.com/v1/projects/bigvibestudios-b9839/services/runtimeconfig.googleapis.com [omitted]
[debug] [2025-12-04T18:21:28.540Z] <<< [apiv2][status] GET https://serviceusage.googleapis.com/v1/projects/bigvibestudios-b9839/services/artifactregistry.googleapis.com 200
[debug] [2025-12-04T18:21:28.540Z] <<< [apiv2][body] GET https://serviceusage.googleapis.com/v1/projects/bigvibestudios-b9839/services/artifactregistry.googleapis.com [omitted]
[info] +  artifactregistry: required API artifactregistry.googleapis.com is enabled 
[debug] [2025-12-04T18:21:28.546Z] <<< [apiv2][status] GET https://serviceusage.googleapis.com/v1/projects/bigvibestudios-b9839/services/cloudfunctions.googleapis.com 200
[debug] [2025-12-04T18:21:28.546Z] <<< [apiv2][body] GET https://serviceusage.googleapis.com/v1/projects/bigvibestudios-b9839/services/cloudfunctions.googleapis.com [omitted]
[info] +  functions: required API cloudfunctions.googleapis.com is enabled 
[debug] [2025-12-04T18:21:28.582Z] <<< [apiv2][status] GET https://serviceusage.googleapis.com/v1/projects/bigvibestudios-b9839/services/cloudbuild.googleapis.com 200
[debug] [2025-12-04T18:21:28.582Z] <<< [apiv2][body] GET https://serviceusage.googleapis.com/v1/projects/bigvibestudios-b9839/services/cloudbuild.googleapis.com [omitted]
[info] +  functions: required API cloudbuild.googleapis.com is enabled 
[debug] [2025-12-04T18:21:28.582Z] Checked if tokens are valid: true, expires at: 1764876081402
[debug] [2025-12-04T18:21:28.582Z] Checked if tokens are valid: true, expires at: 1764876081402
[debug] [2025-12-04T18:21:28.582Z] >>> [apiv2][query] GET https://firebase.googleapis.com/v1beta1/projects/bigvibestudios-b9839/adminSdkConfig [none]
[debug] [2025-12-04T18:21:28.858Z] <<< [apiv2][status] GET https://firebase.googleapis.com/v1beta1/projects/bigvibestudios-b9839/adminSdkConfig 200
[debug] [2025-12-04T18:21:28.858Z] <<< [apiv2][body] GET https://firebase.googleapis.com/v1beta1/projects/bigvibestudios-b9839/adminSdkConfig {"projectId":"bigvibestudios-b9839","storageBucket":"bigvibestudios-b9839.firebasestorage.app"}
[debug] [2025-12-04T18:21:28.858Z] Checked if tokens are valid: true, expires at: 1764876081402
[debug] [2025-12-04T18:21:28.858Z] Checked if tokens are valid: true, expires at: 1764876081402
[debug] [2025-12-04T18:21:28.858Z] >>> [apiv2][query] GET https://runtimeconfig.googleapis.com/v1beta1/projects/bigvibestudios-b9839/configs [none]
[debug] [2025-12-04T18:21:29.140Z] <<< [apiv2][status] GET https://runtimeconfig.googleapis.com/v1beta1/projects/bigvibestudios-b9839/configs 200
[debug] [2025-12-04T18:21:29.141Z] <<< [apiv2][body] GET https://runtimeconfig.googleapis.com/v1beta1/projects/bigvibestudios-b9839/configs {}
[debug] [2025-12-04T18:21:29.143Z] Validating nodejs source
[warn] !  functions: package.json indicates an outdated version of firebase-functions. Please upgrade using npm install --save firebase-functions@latest in your functions directory. 
[warn] !  functions: Please note that there will be breaking changes when you upgrade. 
[debug] [2025-12-04T18:21:37.780Z] > [functions] package.json contents: {
  "name": "bvs-cloud-functions",
  "description": "Firebase Cloud Functions for Big Vibe Studios notification system",
  "scripts": {
    "serve": "firebase emulators:start --only functions",
    "shell": "firebase functions:shell",
    "start": "npm run shell",
    "deploy": "firebase deploy --only functions",
    "logs": "firebase functions:log"
  },
  "engines": {
    "node": "18"
  },
  "main": "index.js",
  "dependencies": {
    "firebase-admin": "^12.0.0",
    "firebase-functions": "^5.1.1"
  },
  "devDependencies": {
    "firebase-functions-test": "^3.1.0"
  },
  "private": true
}
[debug] [2025-12-04T18:21:37.781Z] Building nodejs source
[info] i  functions: Loading and analyzing source code for codebase default to determine what to deploy 
[debug] [2025-12-04T18:21:37.782Z] Could not find functions.yaml. Must use http discovery
[debug] [2025-12-04T18:21:37.790Z] Found firebase-functions binary at 'c:\dev\bvs-app\functions\node_modules\.bin\firebase-functions'
[info] Serving at port 8000

[debug] [2025-12-04T18:21:45.881Z] Got response from /__/functions.yaml {"endpoints":{"onUserFollowed":{"platform":"gcfv1","availableMemoryMb":null,"timeoutSeconds":null,"minInstances":null,"maxInstances":null,"ingressSettings":null,"serviceAccountEmail":null,"vpc":null,"eventTrigger":{"eventType":"providers/cloud.firestore/eventTypes/document.create","eventFilters":{"resource":"projects/bigvibestudios-b9839/databases/(default)/documents/users/{userId}/followers/{followerId}"},"retry":false},"labels":{},"entryPoint":"onUserFollowed"},"onEventSubscribed":{"platform":"gcfv1","availableMemoryMb":null,"timeoutSeconds":null,"minInstances":null,"maxInstances":null,"ingressSettings":null,"serviceAccountEmail":null,"vpc":null,"eventTrigger":{"eventType":"providers/cloud.firestore/eventTypes/document.create","eventFilters":{"resource":"projects/bigvibestudios-b9839/databases/(default)/documents/studios/{studioId}/events/{eventId}/subscribers/{userId}"},"retry":false},"labels":{},"entryPoint":"onEventSubscribed"},"onEventUnsubscribed":{"platform":"gcfv1","availableMemoryMb":null,"timeoutSeconds":null,"minInstances":null,"maxInstances":null,"ingressSettings":null,"serviceAccountEmail":null,"vpc":null,"eventTrigger":{"eventType":"providers/cloud.firestore/eventTypes/document.delete","eventFilters":{"resource":"projects/bigvibestudios-b9839/databases/(default)/documents/studios/{studioId}/events/{eventId}/subscribers/{userId}"},"retry":false},"labels":{},"entryPoint":"onEventUnsubscribed"},"onHostComment":{"platform":"gcfv1","availableMemoryMb":null,"timeoutSeconds":null,"minInstances":null,"maxInstances":null,"ingressSettings":null,"serviceAccountEmail":null,"vpc":null,"eventTrigger":{"eventType":"providers/cloud.firestore/eventTypes/document.create","eventFilters":{"resource":"projects/bigvibestudios-b9839/databases/(default)/documents/studios/{studioId}/events/{eventId}/comments/{commentId}"},"retry":false},"labels":{},"entryPoint":"onHostComment"},"onGuestComment":{"platform":"gcfv1","availableMemoryMb":null,"timeoutSeconds":null,"minInstances":null,"maxInstances":null,"ingressSettings":null,"serviceAccountEmail":null,"vpc":null,"eventTrigger":{"eventType":"providers/cloud.firestore/eventTypes/document.create","eventFilters":{"resource":"projects/bigvibestudios-b9839/databases/(default)/documents/studios/{studioId}/events/{eventId}/comments/{commentId}"},"retry":false},"labels":{},"entryPoint":"onGuestComment"},"onEventUpdated":{"platform":"gcfv1","availableMemoryMb":null,"timeoutSeconds":null,"minInstances":null,"maxInstances":null,"ingressSettings":null,"serviceAccountEmail":null,"vpc":null,"eventTrigger":{"eventType":"providers/cloud.firestore/eventTypes/document.update","eventFilters":{"resource":"projects/bigvibestudios-b9839/databases/(default)/documents/studios/{studioId}/events/{eventId}"},"retry":false},"labels":{},"entryPoint":"onEventUpdated"},"onEventDeleted":{"platform":"gcfv1","availableMemoryMb":null,"timeoutSeconds":null,"minInstances":null,"maxInstances":null,"ingressSettings":null,"serviceAccountEmail":null,"vpc":null,"eventTrigger":{"eventType":"providers/cloud.firestore/eventTypes/document.delete","eventFilters":{"resource":"projects/bigvibestudios-b9839/databases/(default)/documents/studios/{studioId}/events/{eventId}"},"retry":false},"labels":{},"entryPoint":"onEventDeleted"},"onGuestNotificationSettingsUpdated":{"platform":"gcfv1","availableMemoryMb":null,"timeoutSeconds":null,"minInstances":null,"maxInstances":null,"ingressSettings":null,"serviceAccountEmail":null,"vpc":null,"eventTrigger":{"eventType":"providers/cloud.firestore/eventTypes/document.update","eventFilters":{"resource":"projects/bigvibestudios-b9839/databases/(default)/documents/studios/{studioId}/events/{eventId}/guestNotificationSettings/{userId}"},"retry":false},"labels":{},"entryPoint":"onGuestNotificationSettingsUpdated"},"onEventInvitation":{"platform":"gcfv1","availableMemoryMb":null,"timeoutSeconds":null,"minInstances":null,"maxInstances":null,"ingressSettings":null,"serviceAccountEmail":null,"vpc":null,"eventTrigger":{"eventType":"providers/cloud.firestore/eventTypes/document.update","eventFilters":{"resource":"projects/bigvibestudios-b9839/databases/(default)/documents/studios/{studioId}/events/{eventId}"},"retry":false},"labels":{},"entryPoint":"onEventInvitation"},"onEventCreated":{"platform":"gcfv1","availableMemoryMb":null,"timeoutSeconds":null,"minInstances":null,"maxInstances":null,"ingressSettings":null,"serviceAccountEmail":null,"vpc":null,"eventTrigger":{"eventType":"providers/cloud.firestore/eventTypes/document.create","eventFilters":{"resource":"projects/bigvibestudios-b9839/databases/(default)/documents/studios/{studioId}/events/{eventId}"},"retry":false},"labels":{},"entryPoint":"onEventCreated"},"onCohostJoined":{"platform":"gcfv1","availableMemoryMb":null,"timeoutSeconds":null,"minInstances":null,"maxInstances":null,"ingressSettings":null,"serviceAccountEmail":null,"vpc":null,"eventTrigger":{"eventType":"providers/cloud.firestore/eventTypes/document.update","eventFilters":{"resource":"projects/bigvibestudios-b9839/databases/(default)/documents/users/{userId}/cohostInvitations/{invitationId}"},"retry":false},"labels":{},"entryPoint":"onCohostJoined"},"onAdminAnnouncement":{"availableMemoryMb":null,"timeoutSeconds":null,"minInstances":null,"maxInstances":null,"ingressSettings":null,"concurrency":null,"serviceAccountEmail":null,"vpc":null,"platform":"gcfv2","labels":{},"eventTrigger":{"eventType":"google.cloud.firestore.document.v1.created","eventFilters":{"database":"(default)","namespace":"(default)"},"eventFilterPathPatterns":{"document":"admin/announcements/{announcementId}"},"retry":false},"entryPoint":"onAdminAnnouncement"},"onMaintenanceNotification":{"availableMemoryMb":null,"timeoutSeconds":null,"minInstances":null,"maxInstances":null,"ingressSettings":null,"concurrency":null,"serviceAccountEmail":null,"vpc":null,"platform":"gcfv2","labels":{},"eventTrigger":{"eventType":"google.cloud.firestore.document.v1.created","eventFilters":{"database":"(default)","namespace":"(default)"},"eventFilterPathPatterns":{"document":"admin/maintenance/{maintenanceId}"},"retry":false},"entryPoint":"onMaintenanceNotification"},"onAppUpdateNotification":{"availableMemoryMb":null,"timeoutSeconds":null,"minInstances":null,"maxInstances":null,"ingressSettings":null,"concurrency":null,"serviceAccountEmail":null,"vpc":null,"platform":"gcfv2","labels":{},"eventTrigger":{"eventType":"google.cloud.firestore.document.v1.created","eventFilters":{"database":"(default)","namespace":"(default)"},"eventFilterPathPatterns":{"document":"admin/updates/{updateId}"},"retry":false},"entryPoint":"onAppUpdateNotification"},"onAdminNotificationCreated":{"platform":"gcfv1","availableMemoryMb":null,"timeoutSeconds":null,"minInstances":null,"maxInstances":null,"ingressSettings":null,"serviceAccountEmail":null,"vpc":null,"eventTrigger":{"eventType":"providers/cloud.firestore/eventTypes/document.create","eventFilters":{"resource":"projects/bigvibestudios-b9839/databases/(default)/documents/adminNotifications/{notificationId}"},"retry":false},"labels":{},"entryPoint":"onAdminNotificationCreated"},"onModerationRecordUpdated":{"platform":"gcfv1","availableMemoryMb":null,"timeoutSeconds":null,"minInstances":null,"maxInstances":null,"ingressSettings":null,"serviceAccountEmail":null,"vpc":null,"eventTrigger":{"eventType":"providers/cloud.firestore/eventTypes/document.update","eventFilters":{"resource":"projects/bigvibestudios-b9839/databases/(default)/documents/users/{userId}"},"retry":false},"labels":{},"entryPoint":"onModerationRecordUpdated"},"onAdminAnnouncementCreated":{"platform":"gcfv1","availableMemoryMb":null,"timeoutSeconds":null,"minInstances":null,"maxInstances":null,"ingressSettings":null,"serviceAccountEmail":null,"vpc":null,"eventTrigger":{"eventType":"providers/cloud.firestore/eventTypes/document.create","eventFilters":{"resource":"projects/bigvibestudios-b9839/databases/(default)/documents/adminAnnouncements/{announcementId}"},"retry":false},"labels":{},"entryPoint":"onAdminAnnouncementCreated"},"processScheduledNotifications":{"availableMemoryMb":null,"timeoutSeconds":null,"minInstances":null,"maxInstances":null,"ingressSettings":null,"concurrency":null,"serviceAccountEmail":null,"vpc":null,"platform":"gcfv2","labels":{},"scheduleTrigger":{"schedule":"every 1 minutes","retryConfig":{"retryCount":null,"maxDoublings":null,"maxRetrySeconds":null,"minBackoffSeconds":null,"maxBackoffSeconds":null},"timeZone":null},"entryPoint":"processScheduledNotifications"}},"specVersion":"v1alpha1","requiredAPIs":[{"api":"cloudscheduler.googleapis.com","reason":"Needed for scheduled functions."}],"extensions":{}}
[info] i  extensions: ensuring required API firebaseextensions.googleapis.com is enabled... 
[debug] [2025-12-04T18:21:45.923Z] Checked if tokens are valid: true, expires at: 1764876081402
[debug] [2025-12-04T18:21:45.923Z] Checked if tokens are valid: true, expires at: 1764876081402
[debug] [2025-12-04T18:21:45.923Z] >>> [apiv2][query] GET https://serviceusage.googleapis.com/v1/projects/bigvibestudios-b9839/services/firebaseextensions.googleapis.com [none]
[debug] [2025-12-04T18:21:45.923Z] >>> [apiv2][(partial)header] GET https://serviceusage.googleapis.com/v1/projects/bigvibestudios-b9839/services/firebaseextensions.googleapis.com x-goog-quota-user=projects/bigvibestudios-b9839
[debug] [2025-12-04T18:21:46.242Z] <<< [apiv2][status] GET https://serviceusage.googleapis.com/v1/projects/bigvibestudios-b9839/services/firebaseextensions.googleapis.com 200
[debug] [2025-12-04T18:21:46.242Z] <<< [apiv2][body] GET https://serviceusage.googleapis.com/v1/projects/bigvibestudios-b9839/services/firebaseextensions.googleapis.com [omitted]
[info] +  extensions: required API firebaseextensions.googleapis.com is enabled 
[debug] [2025-12-04T18:21:46.242Z] > command requires scopes: ["email","openid","https://www.googleapis.com/auth/cloudplatformprojects.readonly","https://www.googleapis.com/auth/firebase","https://www.googleapis.com/auth/cloud-platform"]
[debug] [2025-12-04T18:21:46.243Z] > authorizing via signed-in user (tigersgorawr87@gmail.com)
[debug] [2025-12-04T18:21:46.243Z] [iam] checking project bigvibestudios-b9839 for permissions ["firebase.projects.get","firebaseextensions.instances.list"]
[debug] [2025-12-04T18:21:46.243Z] Checked if tokens are valid: true, expires at: 1764876081402
[debug] [2025-12-04T18:21:46.243Z] Checked if tokens are valid: true, expires at: 1764876081402
[debug] [2025-12-04T18:21:46.243Z] >>> [apiv2][query] POST https://cloudresourcemanager.googleapis.com/v1/projects/bigvibestudios-b9839:testIamPermissions [none]
[debug] [2025-12-04T18:21:46.243Z] >>> [apiv2][(partial)header] POST https://cloudresourcemanager.googleapis.com/v1/projects/bigvibestudios-b9839:testIamPermissions x-goog-quota-user=projects/bigvibestudios-b9839
[debug] [2025-12-04T18:21:46.243Z] >>> [apiv2][body] POST https://cloudresourcemanager.googleapis.com/v1/projects/bigvibestudios-b9839:testIamPermissions {"permissions":["firebase.projects.get","firebaseextensions.instances.list"]}
[debug] [2025-12-04T18:21:46.382Z] <<< [apiv2][status] POST https://cloudresourcemanager.googleapis.com/v1/projects/bigvibestudios-b9839:testIamPermissions 200
[debug] [2025-12-04T18:21:46.382Z] <<< [apiv2][body] POST https://cloudresourcemanager.googleapis.com/v1/projects/bigvibestudios-b9839:testIamPermissions {"permissions":["firebase.projects.get","firebaseextensions.instances.list"]}
[debug] [2025-12-04T18:21:46.382Z] Checked if tokens are valid: true, expires at: 1764876081402
[debug] [2025-12-04T18:21:46.382Z] Checked if tokens are valid: true, expires at: 1764876081402
[debug] [2025-12-04T18:21:46.383Z] >>> [apiv2][query] GET https://firebaseextensions.googleapis.com/v1beta/projects/bigvibestudios-b9839/instances pageSize=100&pageToken=
[debug] [2025-12-04T18:21:46.673Z] <<< [apiv2][status] GET https://firebaseextensions.googleapis.com/v1beta/projects/bigvibestudios-b9839/instances 200
[debug] [2025-12-04T18:21:46.673Z] <<< [apiv2][body] GET https://firebaseextensions.googleapis.com/v1beta/projects/bigvibestudios-b9839/instances {}
[info] i  functions: preparing functions directory for uploading... 
[info] i  functions: packaged c:\dev\bvs-app\functions (117.62 KB) for uploading 
[info] i  functions: packaged c:\dev\bvs-app\functions (117.83 KB) for uploading 
[debug] [2025-12-04T18:21:46.744Z] Checked if tokens are valid: true, expires at: 1764876081402
[debug] [2025-12-04T18:21:46.744Z] Checked if tokens are valid: true, expires at: 1764876081402
[debug] [2025-12-04T18:21:46.744Z] >>> [apiv2][query] GET https://cloudfunctions.googleapis.com/v1/projects/bigvibestudios-b9839/locations/-/functions [none]
[debug] [2025-12-04T18:21:47.385Z] <<< [apiv2][status] GET https://cloudfunctions.googleapis.com/v1/projects/bigvibestudios-b9839/locations/-/functions 200
[debug] [2025-12-04T18:21:47.385Z] <<< [apiv2][body] GET https://cloudfunctions.googleapis.com/v1/projects/bigvibestudios-b9839/locations/-/functions {"functions":[{"name":"projects/bigvibestudios-b9839/locations/us-central1/functions/onEventUpdated","eventTrigger":{"eventType":"providers/cloud.firestore/eventTypes/document.update","resource":"projects/bigvibestudios-b9839/databases/(default)/documents/studios/{studioId}/events/{eventId}","service":"firestore.googleapis.com","failurePolicy":{}},"status":"ACTIVE","entryPoint":"onEventUpdated","timeout":"60s","availableMemoryMb":256,"serviceAccountEmail":"bigvibestudios-b9839@appspot.gserviceaccount.com","updateTime":"2025-10-23T03:24:03.880Z","versionId":"16","labels":{"deployment-tool":"cli-firebase","firebase-functions-hash":"1e4d4ae9df62ac001a87cc870273419dd2f8a906"},"sourceUploadUrl":"https://storage.googleapis.com/uploads-1045849998017.us-central1.cloudfunctions.appspot.com/ff00db1a-59cd-4a59-a893-5ddb6453371e.zip","environmentVariables":{"FIREBASE_CONFIG":"{\"projectId\":\"bigvibestudios-b9839\",\"storageBucket\":\"bigvibestudios-b9839.firebasestorage.app\"}","GCLOUD_PROJECT":"bigvibestudios-b9839","EVENTARC_CLOUD_EVENT_SOURCE":"projects/bigvibestudios-b9839/locations/us-central1/functions/onEventUpdated"},"runtime":"nodejs20","maxInstances":3000,"ingressSettings":"ALLOW_ALL","buildId":"e6039596-4176-463c-83c7-6f4479dc76ce","buildEnvironmentVariables":{"GOOGLE_NODE_RUN_SCRIPTS":""},"buildName":"projects/824215388091/locations/us-central1/builds/e6039596-4176-463c-83c7-6f4479dc76ce","dockerRegistry":"ARTIFACT_REGISTRY","automaticUpdatePolicy":{},"buildServiceAccount":"projects/bigvibestudios-b9839/serviceAccounts/824215388091-compute@developer.gserviceaccount.com","satisfiesPzi":true},{"name":"projects/bigvibestudios-b9839/locations/us-central1/functions/onGuestComment","eventTrigger":{"eventType":"providers/cloud.firestore/eventTypes/document.create","resource":"projects/bigvibestudios-b9839/databases/(default)/documents/studios/{studioId}/events/{eventId}/comments/{commentId}","service":"firestore.googleapis.com","failurePolicy":{}},"status":"ACTIVE","entryPoint":"onGuestComment","timeout":"60s","availableMemoryMb":256,"serviceAccountEmail":"bigvibestudios-b9839@appspot.gserviceaccount.com","updateTime":"2025-10-23T03:23:43.329Z","versionId":"21","labels":{"firebase-functions-hash":"1e4d4ae9df62ac001a87cc870273419dd2f8a906","deployment-tool":"cli-firebase"},"sourceUploadUrl":"https://storage.googleapis.com/uploads-1045849998017.us-central1.cloudfunctions.appspot.com/ff00db1a-59cd-4a59-a893-5ddb6453371e.zip","environmentVariables":{"FIREBASE_CONFIG":"{\"projectId\":\"bigvibestudios-b9839\",\"storageBucket\":\"bigvibestudios-b9839.firebasestorage.app\"}","GCLOUD_PROJECT":"bigvibestudios-b9839","EVENTARC_CLOUD_EVENT_SOURCE":"projects/bigvibestudios-b9839/locations/us-central1/functions/onGuestComment"},"runtime":"nodejs20","maxInstances":3000,"ingressSettings":"ALLOW_ALL","buildId":"e6039596-4176-463c-83c7-6f4479dc76ce","buildEnvironmentVariables":{"GOOGLE_NODE_RUN_SCRIPTS":""},"buildName":"projects/824215388091/locations/us-central1/builds/e6039596-4176-463c-83c7-6f4479dc76ce","dockerRegistry":"ARTIFACT_REGISTRY","automaticUpdatePolicy":{},"buildServiceAccount":"projects/bigvibestudios-b9839/serviceAccounts/824215388091-compute@developer.gserviceaccount.com","satisfiesPzi":true},{"name":"projects/bigvibestudios-b9839/locations/us-central1/functions/onCohostJoined","eventTrigger":{"eventType":"providers/cloud.firestore/eventTypes/document.update","resource":"projects/bigvibestudios-b9839/databases/(default)/documents/users/{userId}/cohostInvitations/{invitationId}","service":"firestore.googleapis.com","failurePolicy":{}},"status":"ACTIVE","entryPoint":"onCohostJoined","timeout":"60s","availableMemoryMb":256,"serviceAccountEmail":"bigvibestudios-b9839@appspot.gserviceaccount.com","updateTime":"2025-10-23T03:24:03.084Z","versionId":"16","labels":{"deployment-tool":"cli-firebase","firebase-functions-hash":"1e4d4ae9df62ac001a87cc870273419dd2f8a906"},"sourceUploadUrl":"https://storage.googleapis.com/uploads-1045849998017.us-central1.cloudfunctions.appspot.com/ff00db1a-59cd-4a59-a893-5ddb6453371e.zip","environmentVariables":{"FIREBASE_CONFIG":"{\"projectId\":\"bigvibestudios-b9839\",\"storageBucket\":\"bigvibestudios-b9839.firebasestorage.app\"}","GCLOUD_PROJECT":"bigvibestudios-b9839","EVENTARC_CLOUD_EVENT_SOURCE":"projects/bigvibestudios-b9839/locations/us-central1/functions/onCohostJoined"},"runtime":"nodejs20","maxInstances":3000,"ingressSettings":"ALLOW_ALL","buildId":"e6039596-4176-463c-83c7-6f4479dc76ce","buildEnvironmentVariables":{"GOOGLE_NODE_RUN_SCRIPTS":""},"buildName":"projects/824215388091/locations/us-central1/builds/e6039596-4176-463c-83c7-6f4479dc76ce","dockerRegistry":"ARTIFACT_REGISTRY","automaticUpdatePolicy":{},"buildServiceAccount":"projects/bigvibestudios-b9839/serviceAccounts/824215388091-compute@developer.gserviceaccount.com","satisfiesPzi":true},{"name":"projects/bigvibestudios-b9839/locations/us-central1/functions/onGuestNotificationSettingsUpdated","eventTrigger":{"eventType":"providers/cloud.firestore/eventTypes/document.update","resource":"projects/bigvibestudios-b9839/databases/(default)/documents/studios/{studioId}/events/{eventId}/guestNotificationSettings/{userId}","service":"firestore.googleapis.com","failurePolicy":{}},"status":"ACTIVE","entryPoint":"onGuestNotificationSettingsUpdated","timeout":"60s","availableMemoryMb":256,"serviceAccountEmail":"bigvibestudios-b9839@appspot.gserviceaccount.com","updateTime":"2025-10-23T03:24:01.668Z","versionId":"4","labels":{"deployment-tool":"cli-firebase","firebase-functions-hash":"1e4d4ae9df62ac001a87cc870273419dd2f8a906"},"sourceUploadUrl":"https://storage.googleapis.com/uploads-1045849998017.us-central1.cloudfunctions.appspot.com/ff00db1a-59cd-4a59-a893-5ddb6453371e.zip","environmentVariables":{"FIREBASE_CONFIG":"{\"projectId\":\"bigvibestudios-b9839\",\"storageBucket\":\"bigvibestudios-b9839.firebasestorage.app\"}","GCLOUD_PROJECT":"bigvibestudios-b9839","EVENTARC_CLOUD_EVENT_SOURCE":"projects/bigvibestudios-b9839/locations/us-central1/functions/onGuestNotificationSettingsUpdated"},"runtime":"nodejs20","maxInstances":3000,"ingressSettings":"ALLOW_ALL","buildId":"e6039596-4176-463c-83c7-6f4479dc76ce","buildEnvironmentVariables":{"GOOGLE_NODE_RUN_SCRIPTS":""},"buildName":"projects/824215388091/locations/us-central1/builds/e6039596-4176-463c-83c7-6f4479dc76ce","dockerRegistry":"ARTIFACT_REGISTRY","automaticUpdatePolicy":{},"buildServiceAccount":"projects/bigvibestudios-b9839/serviceAccounts/824215388091-compute@developer.gserviceaccount.com","satisfiesPzi":true},{"name":"projects/bigvibestudios-b9839/locations/us-central1/functions/onModerationRecordUpdated","eventTrigger":{"eventType":"providers/cloud.firestore/eventTypes/document.update","resource":"projects/bigvibestudios-b9839/databases/(default)/documents/users/{userId}","service":"firestore.googleapis.com","failurePolicy":{}},"status":"ACTIVE","entryPoint":"onModerationRecordUpdated","timeout":"60s","availableMemoryMb":256,"serviceAccountEmail":"bigvibestudios-b9839@appspot.gserviceaccount.com","updateTime":"2025-10-23T03:24:03.878Z","versionId":"9","labels":{"deployment-tool":"cli-firebase","firebase-functions-hash":"1e4d4ae9df62ac001a87cc870273419dd2f8a906"},"sourceUploadUrl":"https://storage.googleapis.com/uploads-1045849998017.us-central1.cloudfunctions.appspot.com/ff00db1a-59cd-4a59-a893-5ddb6453371e.zip","environmentVariables":{"FIREBASE_CONFIG":"{\"projectId\":\"bigvibestudios-b9839\",\"storageBucket\":\"bigvibestudios-b9839.firebasestorage.app\"}","GCLOUD_PROJECT":"bigvibestudios-b9839","EVENTARC_CLOUD_EVENT_SOURCE":"projects/bigvibestudios-b9839/locations/us-central1/functions/onModerationRecordUpdated"},"runtime":"nodejs20","maxInstances":3000,"ingressSettings":"ALLOW_ALL","buildId":"e6039596-4176-463c-83c7-6f4479dc76ce","buildEnvironmentVariables":{"GOOGLE_NODE_RUN_SCRIPTS":""},"buildName":"projects/824215388091/locations/us-central1/builds/e6039596-4176-463c-83c7-6f4479dc76ce","dockerRegistry":"ARTIFACT_REGISTRY","automaticUpdatePolicy":{},"buildServiceAccount":"projects/bigvibestudios-b9839/serviceAccounts/824215388091-compute@developer.gserviceaccount.com","satisfiesPzi":true},{"name":"projects/bigvibestudios-b9839/locations/us-central1/functions/onEventDeleted","eventTrigger":{"eventType":"providers/cloud.firestore/eventTypes/document.delete","resource":"projects/bigvibestudios-b9839/databases/(default)/documents/studios/{studioId}/events/{eventId}","service":"firestore.googleapis.com","failurePolicy":{}},"status":"ACTIVE","entryPoint":"onEventDeleted","timeout":"60s","availableMemoryMb":256,"serviceAccountEmail":"bigvibestudios-b9839@appspot.gserviceaccount.com","updateTime":"2025-10-23T03:11:27.712Z","versionId":"19","labels":{"deployment-tool":"cli-firebase","firebase-functions-hash":"1e4d4ae9df62ac001a87cc870273419dd2f8a906"},"sourceUploadUrl":"https://storage.googleapis.com/uploads-1045849998017.us-central1.cloudfunctions.appspot.com/b10c17de-748b-4ca2-b550-79ea48aa2cf6.zip","environmentVariables":{"FIREBASE_CONFIG":"{\"projectId\":\"bigvibestudios-b9839\",\"storageBucket\":\"bigvibestudios-b9839.firebasestorage.app\"}","GCLOUD_PROJECT":"bigvibestudios-b9839","EVENTARC_CLOUD_EVENT_SOURCE":"projects/bigvibestudios-b9839/locations/us-central1/functions/onEventDeleted"},"runtime":"nodejs20","maxInstances":3000,"ingressSettings":"ALLOW_ALL","buildId":"82de5cbe-a8ff-4677-aa84-f5f07f35cdf8","buildEnvironmentVariables":{"GOOGLE_NODE_RUN_SCRIPTS":""},"buildName":"projects/824215388091/locations/us-central1/builds/82de5cbe-a8ff-4677-aa84-f5f07f35cdf8","dockerRegistry":"ARTIFACT_REGISTRY","automaticUpdatePolicy":{},"buildServiceAccount":"projects/bigvibestudios-b9839/serviceAccounts/824215388091-compute@developer.gserviceaccount.com","satisfiesPzi":true},{"name":"projects/bigvibestudios-b9839/locations/us-central1/functions/onAdminNotificationCreated","eventTrigger":{"eventType":"providers/cloud.firestore/eventTypes/document.create","resource":"projects/bigvibestudios-b9839/databases/(default)/documents/adminNotifications/{notificationId}","service":"firestore.googleapis.com","failurePolicy":{}},"status":"ACTIVE","entryPoint":"onAdminNotificationCreated","timeout":"60s","availableMemoryMb":256,"serviceAccountEmail":"bigvibestudios-b9839@appspot.gserviceaccount.com","updateTime":"2025-10-23T03:24:01.640Z","versionId":"10","labels":{"deployment-tool":"cli-firebase","firebase-functions-hash":"1e4d4ae9df62ac001a87cc870273419dd2f8a906"},"sourceUploadUrl":"https://storage.googleapis.com/uploads-1045849998017.us-central1.cloudfunctions.appspot.com/ff00db1a-59cd-4a59-a893-5ddb6453371e.zip","environmentVariables":{"FIREBASE_CONFIG":"{\"projectId\":\"bigvibestudios-b9839\",\"storageBucket\":\"bigvibestudios-b9839.firebasestorage.app\"}","GCLOUD_PROJECT":"bigvibestudios-b9839","EVENTARC_CLOUD_EVENT_SOURCE":"projects/bigvibestudios-b9839/locations/us-central1/functions/onAdminNotificationCreated"},"runtime":"nodejs20","maxInstances":3000,"ingressSettings":"ALLOW_ALL","buildId":"e6039596-4176-463c-83c7-6f4479dc76ce","buildEnvironmentVariables":{"GOOGLE_NODE_RUN_SCRIPTS":""},"buildName":"projects/824215388091/locations/us-central1/builds/e6039596-4176-463c-83c7-6f4479dc76ce","dockerRegistry":"ARTIFACT_REGISTRY","automaticUpdatePolicy":{},"buildServiceAccount":"projects/bigvibestudios-b9839/serviceAccounts/824215388091-compute@developer.gserviceaccount.com","satisfiesPzi":true},{"name":"projects/bigvibestudios-b9839/locations/us-central1/functions/onUserFollowed","eventTrigger":{"eventType":"providers/cloud.firestore/eventTypes/document.create","resource":"projects/bigvibestudios-b9839/databases/(default)/documents/users/{userId}/followers/{followerId}","service":"firestore.googleapis.com","failurePolicy":{}},"status":"ACTIVE","entryPoint":"onUserFollowed","timeout":"60s","availableMemoryMb":256,"serviceAccountEmail":"bigvibestudios-b9839@appspot.gserviceaccount.com","updateTime":"2025-10-23T03:23:41.482Z","versionId":"15","labels":{"firebase-functions-hash":"1e4d4ae9df62ac001a87cc870273419dd2f8a906","deployment-tool":"cli-firebase"},"sourceUploadUrl":"https://storage.googleapis.com/uploads-1045849998017.us-central1.cloudfunctions.appspot.com/ff00db1a-59cd-4a59-a893-5ddb6453371e.zip","environmentVariables":{"FIREBASE_CONFIG":"{\"projectId\":\"bigvibestudios-b9839\",\"storageBucket\":\"bigvibestudios-b9839.firebasestorage.app\"}","GCLOUD_PROJECT":"bigvibestudios-b9839","EVENTARC_CLOUD_EVENT_SOURCE":"projects/bigvibestudios-b9839/locations/us-central1/functions/onUserFollowed"},"runtime":"nodejs20","maxInstances":3000,"ingressSettings":"ALLOW_ALL","buildId":"e6039596-4176-463c-83c7-6f4479dc76ce","buildEnvironmentVariables":{"GOOGLE_NODE_RUN_SCRIPTS":""},"buildName":"projects/824215388091/locations/us-central1/builds/e6039596-4176-463c-83c7-6f4479dc76ce","dockerRegistry":"ARTIFACT_REGISTRY","automaticUpdatePolicy":{},"buildServiceAccount":"projects/bigvibestudios-b9839/serviceAccounts/824215388091-compute@developer.gserviceaccount.com","satisfiesPzi":true},{"name":"projects/bigvibestudios-b9839/locations/us-central1/functions/onEventSubscribed","eventTrigger":{"eventType":"providers/cloud.firestore/eventTypes/document.create","resource":"projects/bigvibestudios-b9839/databases/(default)/documents/studios/{studioId}/events/{eventId}/subscribers/{userId}","service":"firestore.googleapis.com","failurePolicy":{}},"status":"ACTIVE","entryPoint":"onEventSubscribed","timeout":"60s","availableMemoryMb":256,"serviceAccountEmail":"bigvibestudios-b9839@appspot.gserviceaccount.com","updateTime":"2025-10-23T03:24:01.883Z","versionId":"15","labels":{"deployment-tool":"cli-firebase","firebase-functions-hash":"1e4d4ae9df62ac001a87cc870273419dd2f8a906"},"sourceUploadUrl":"https://storage.googleapis.com/uploads-1045849998017.us-central1.cloudfunctions.appspot.com/ff00db1a-59cd-4a59-a893-5ddb6453371e.zip","environmentVariables":{"FIREBASE_CONFIG":"{\"projectId\":\"bigvibestudios-b9839\",\"storageBucket\":\"bigvibestudios-b9839.firebasestorage.app\"}","GCLOUD_PROJECT":"bigvibestudios-b9839","EVENTARC_CLOUD_EVENT_SOURCE":"projects/bigvibestudios-b9839/locations/us-central1/functions/onEventSubscribed"},"runtime":"nodejs20","maxInstances":3000,"ingressSettings":"ALLOW_ALL","buildId":"e6039596-4176-463c-83c7-6f4479dc76ce","buildEnvironmentVariables":{"GOOGLE_NODE_RUN_SCRIPTS":""},"buildName":"projects/824215388091/locations/us-central1/builds/e6039596-4176-463c-83c7-6f4479dc76ce","dockerRegistry":"ARTIFACT_REGISTRY","automaticUpdatePolicy":{},"buildServiceAccount":"projects/bigvibestudios-b9839/serviceAccounts/824215388091-compute@developer.gserviceaccount.com","satisfiesPzi":true},{"name":"projects/bigvibestudios-b9839/locations/us-central1/functions/onEventUnsubscribed","eventTrigger":{"eventType":"providers/cloud.firestore/eventTypes/document.delete","resource":"projects/bigvibestudios-b9839/databases/(default)/documents/studios/{studioId}/events/{eventId}/subscribers/{userId}","service":"firestore.googleapis.com","failurePolicy":{}},"status":"ACTIVE","entryPoint":"onEventUnsubscribed","timeout":"60s","availableMemoryMb":256,"serviceAccountEmail":"bigvibestudios-b9839@appspot.gserviceaccount.com","updateTime":"2025-10-23T03:24:03.331Z","versionId":"15","labels":{"deployment-tool":"cli-firebase","firebase-functions-hash":"1e4d4ae9df62ac001a87cc870273419dd2f8a906"},"sourceUploadUrl":"https://storage.googleapis.com/uploads-1045849998017.us-central1.cloudfunctions.appspot.com/ff00db1a-59cd-4a59-a893-5ddb6453371e.zip","environmentVariables":{"FIREBASE_CONFIG":"{\"projectId\":\"bigvibestudios-b9839\",\"storageBucket\":\"bigvibestudios-b9839.firebasestorage.app\"}","GCLOUD_PROJECT":"bigvibestudios-b9839","EVENTARC_CLOUD_EVENT_SOURCE":"projects/bigvibestudios-b9839/locations/us-central1/functions/onEventUnsubscribed"},"runtime":"nodejs20","maxInstances":3000,"ingressSettings":"ALLOW_ALL","buildId":"e6039596-4176-463c-83c7-6f4479dc76ce","buildEnvironmentVariables":{"GOOGLE_NODE_RUN_SCRIPTS":""},"buildName":"projects/824215388091/locations/us-central1/builds/e6039596-4176-463c-83c7-6f4479dc76ce","dockerRegistry":"ARTIFACT_REGISTRY","automaticUpdatePolicy":{},"buildServiceAccount":"projects/bigvibestudios-b9839/serviceAccounts/824215388091-compute@developer.gserviceaccount.com","satisfiesPzi":true},{"name":"projects/bigvibestudios-b9839/locations/us-central1/functions/onAdminAnnouncementCreated","eventTrigger":{"eventType":"providers/cloud.firestore/eventTypes/document.create","resource":"projects/bigvibestudios-b9839/databases/(default)/documents/adminAnnouncements/{announcementId}","service":"firestore.googleapis.com","failurePolicy":{}},"status":"ACTIVE","entryPoint":"onAdminAnnouncementCreated","timeout":"60s","availableMemoryMb":256,"serviceAccountEmail":"bigvibestudios-b9839@appspot.gserviceaccount.com","updateTime":"2025-10-23T03:24:00.859Z","versionId":"10","labels":{"deployment-tool":"cli-firebase","firebase-functions-hash":"1e4d4ae9df62ac001a87cc870273419dd2f8a906"},"sourceUploadUrl":"https://storage.googleapis.com/uploads-1045849998017.us-central1.cloudfunctions.appspot.com/ff00db1a-59cd-4a59-a893-5ddb6453371e.zip","environmentVariables":{"FIREBASE_CONFIG":"{\"projectId\":\"bigvibestudios-b9839\",\"storageBucket\":\"bigvibestudios-b9839.firebasestorage.app\"}","GCLOUD_PROJECT":"bigvibestudios-b9839","EVENTARC_CLOUD_EVENT_SOURCE":"projects/bigvibestudios-b9839/locations/us-central1/functions/onAdminAnnouncementCreated"},"runtime":"nodejs20","maxInstances":3000,"ingressSettings":"ALLOW_ALL","buildId":"e6039596-4176-463c-83c7-6f4479dc76ce","buildEnvironmentVariables":{"GOOGLE_NODE_RUN_SCRIPTS":""},"buildName":"projects/824215388091/locations/us-central1/builds/e6039596-4176-463c-83c7-6f4479dc76ce","dockerRegistry":"ARTIFACT_REGISTRY","automaticUpdatePolicy":{},"buildServiceAccount":"projects/bigvibestudios-b9839/serviceAccounts/824215388091-compute@developer.gserviceaccount.com","satisfiesPzi":true},{"name":"projects/bigvibestudios-b9839/locations/us-central1/functions/onEventCreated","eventTrigger":{"eventType":"providers/cloud.firestore/eventTypes/document.create","resource":"projects/bigvibestudios-b9839/databases/(default)/documents/studios/{studioId}/events/{eventId}","service":"firestore.googleapis.com","failurePolicy":{}},"status":"ACTIVE","entryPoint":"onEventCreated","timeout":"60s","availableMemoryMb":256,"serviceAccountEmail":"bigvibestudios-b9839@appspot.gserviceaccount.com","updateTime":"2025-10-23T03:24:01.196Z","versionId":"25","labels":{"deployment-tool":"cli-firebase","firebase-functions-hash":"1e4d4ae9df62ac001a87cc870273419dd2f8a906"},"sourceUploadUrl":"https://storage.googleapis.com/uploads-1045849998017.us-central1.cloudfunctions.appspot.com/ff00db1a-59cd-4a59-a893-5ddb6453371e.zip","environmentVariables":{"FIREBASE_CONFIG":"{\"projectId\":\"bigvibestudios-b9839\",\"storageBucket\":\"bigvibestudios-b9839.firebasestorage.app\"}","GCLOUD_PROJECT":"bigvibestudios-b9839","EVENTARC_CLOUD_EVENT_SOURCE":"projects/bigvibestudios-b9839/locations/us-central1/functions/onEventCreated"},"runtime":"nodejs20","maxInstances":3000,"ingressSettings":"ALLOW_ALL","buildId":"e6039596-4176-463c-83c7-6f4479dc76ce","buildEnvironmentVariables":{"GOOGLE_NODE_RUN_SCRIPTS":""},"buildName":"projects/824215388091/locations/us-central1/builds/e6039596-4176-463c-83c7-6f4479dc76ce","dockerRegistry":"ARTIFACT_REGISTRY","automaticUpdatePolicy":{},"buildServiceAccount":"projects/bigvibestudios-b9839/serviceAccounts/824215388091-compute@developer.gserviceaccount.com","satisfiesPzi":true},{"name":"projects/bigvibestudios-b9839/locations/us-central1/functions/onHostComment","eventTrigger":{"eventType":"providers/cloud.firestore/eventTypes/document.create","resource":"projects/bigvibestudios-b9839/databases/(default)/documents/studios/{studioId}/events/{eventId}/comments/{commentId}","service":"firestore.googleapis.com","failurePolicy":{}},"status":"ACTIVE","entryPoint":"onHostComment","timeout":"60s","availableMemoryMb":256,"serviceAccountEmail":"bigvibestudios-b9839@appspot.gserviceaccount.com","updateTime":"2025-10-23T03:24:05.431Z","versionId":"25","labels":{"deployment-tool":"cli-firebase","firebase-functions-hash":"1e4d4ae9df62ac001a87cc870273419dd2f8a906"},"sourceUploadUrl":"https://storage.googleapis.com/uploads-1045849998017.us-central1.cloudfunctions.appspot.com/ff00db1a-59cd-4a59-a893-5ddb6453371e.zip","environmentVariables":{"FIREBASE_CONFIG":"{\"projectId\":\"bigvibestudios-b9839\",\"storageBucket\":\"bigvibestudios-b9839.firebasestorage.app\"}","GCLOUD_PROJECT":"bigvibestudios-b9839","EVENTARC_CLOUD_EVENT_SOURCE":"projects/bigvibestudios-b9839/locations/us-central1/functions/onHostComment"},"runtime":"nodejs20","maxInstances":3000,"ingressSettings":"ALLOW_ALL","buildId":"e6039596-4176-463c-83c7-6f4479dc76ce","buildEnvironmentVariables":{"GOOGLE_NODE_RUN_SCRIPTS":""},"buildName":"projects/824215388091/locations/us-central1/builds/e6039596-4176-463c-83c7-6f4479dc76ce","dockerRegistry":"ARTIFACT_REGISTRY","automaticUpdatePolicy":{},"buildServiceAccount":"projects/bigvibestudios-b9839/serviceAccounts/824215388091-compute@developer.gserviceaccount.com","satisfiesPzi":true},{"name":"projects/bigvibestudios-b9839/locations/us-central1/functions/onEventInvitation","eventTrigger":{"eventType":"providers/cloud.firestore/eventTypes/document.update","resource":"projects/bigvibestudios-b9839/databases/(default)/documents/studios/{studioId}/events/{eventId}","service":"firestore.googleapis.com","failurePolicy":{}},"status":"ACTIVE","entryPoint":"onEventInvitation","timeout":"60s","availableMemoryMb":256,"serviceAccountEmail":"bigvibestudios-b9839@appspot.gserviceaccount.com","updateTime":"2025-10-23T03:24:02.374Z","versionId":"16","labels":{"deployment-tool":"cli-firebase","firebase-functions-hash":"1e4d4ae9df62ac001a87cc870273419dd2f8a906"},"sourceUploadUrl":"https://storage.googleapis.com/uploads-1045849998017.us-central1.cloudfunctions.appspot.com/ff00db1a-59cd-4a59-a893-5ddb6453371e.zip","environmentVariables":{"FIREBASE_CONFIG":"{\"projectId\":\"bigvibestudios-b9839\",\"storageBucket\":\"bigvibestudios-b9839.firebasestorage.app\"}","GCLOUD_PROJECT":"bigvibestudios-b9839","EVENTARC_CLOUD_EVENT_SOURCE":"projects/bigvibestudios-b9839/locations/us-central1/functions/onEventInvitation"},"runtime":"nodejs20","maxInstances":3000,"ingressSettings":"ALLOW_ALL","buildId":"e6039596-4176-463c-83c7-6f4479dc76ce","buildEnvironmentVariables":{"GOOGLE_NODE_RUN_SCRIPTS":""},"buildName":"projects/824215388091/locations/us-central1/builds/e6039596-4176-463c-83c7-6f4479dc76ce","dockerRegistry":"ARTIFACT_REGISTRY","automaticUpdatePolicy":{},"buildServiceAccount":"projects/bigvibestudios-b9839/serviceAccounts/824215388091-compute@developer.gserviceaccount.com","satisfiesPzi":true}]}
[debug] [2025-12-04T18:21:47.386Z] Checked if tokens are valid: true, expires at: 1764876081402
[debug] [2025-12-04T18:21:47.386Z] Checked if tokens are valid: true, expires at: 1764876081402
[debug] [2025-12-04T18:21:47.386Z] >>> [apiv2][query] GET https://cloudfunctions.googleapis.com/v2/projects/bigvibestudios-b9839/locations/-/functions filter=environment%3D%22GEN_2%22
[debug] [2025-12-04T18:21:47.918Z] <<< [apiv2][status] GET https://cloudfunctions.googleapis.com/v2/projects/bigvibestudios-b9839/locations/-/functions 200
[debug] [2025-12-04T18:21:47.918Z] <<< [apiv2][body] GET https://cloudfunctions.googleapis.com/v2/projects/bigvibestudios-b9839/locations/-/functions {"functions":[{"name":"projects/bigvibestudios-b9839/locations/us-central1/functions/onMaintenanceNotification","buildConfig":{"build":"projects/824215388091/locations/us-central1/builds/70f09fd7-faa5-4e8b-bb15-0483803e5d9d","runtime":"nodejs20","entryPoint":"onMaintenanceNotification","source":{"storageSource":{"bucket":"gcf-v2-sources-824215388091-us-central1","object":"onMaintenanceNotification/function-source.zip","generation":"1761189813802599"}},"environmentVariables":{"GOOGLE_NODE_RUN_SCRIPTS":""},"dockerRepository":"projects/bigvibestudios-b9839/locations/us-central1/repositories/gcf-artifacts","sourceProvenance":{"resolvedStorageSource":{"bucket":"gcf-v2-sources-824215388091-us-central1","object":"onMaintenanceNotification/function-source.zip","generation":"1761189813802599"}},"dockerRegistry":"ARTIFACT_REGISTRY","serviceAccount":"projects/bigvibestudios-b9839/serviceAccounts/824215388091-compute@developer.gserviceaccount.com","automaticUpdatePolicy":{}},"serviceConfig":{"service":"projects/bigvibestudios-b9839/locations/us-central1/services/onmaintenancenotification","timeoutSeconds":60,"environmentVariables":{"FIREBASE_CONFIG":"{\"projectId\":\"bigvibestudios-b9839\",\"storageBucket\":\"bigvibestudios-b9839.firebasestorage.app\"}","GCLOUD_PROJECT":"bigvibestudios-b9839","EVENTARC_CLOUD_EVENT_SOURCE":"projects/bigvibestudios-b9839/locations/us-central1/services/onMaintenanceNotification","FUNCTION_SIGNATURE_TYPE":"cloudevent","FUNCTION_TARGET":"onMaintenanceNotification","LOG_EXECUTION_ID":"true"},"maxInstanceCount":20,"ingressSettings":"ALLOW_ALL","uri":"https://onmaintenancenotification-5od57l42ga-uc.a.run.app","serviceAccountEmail":"824215388091-compute@developer.gserviceaccount.com","availableMemory":"256Mi","allTrafficOnLatestRevision":true,"revision":"onmaintenancenotification-00022-fif","maxInstanceRequestConcurrency":80,"availableCpu":"1"},"eventTrigger":{"trigger":"projects/bigvibestudios-b9839/locations/nam5/triggers/onmaintenancenotification-777563","triggerRegion":"nam5","eventType":"google.cloud.firestore.document.v1.created","eventFilters":[{"attribute":"document","value":"admin/maintenance/{maintenanceId}","operator":"match-path-pattern"},{"attribute":"database","value":"(default)"},{"attribute":"namespace","value":"(default)"}],"pubsubTopic":"projects/bigvibestudios-b9839/topics/eventarc-nam5-onmaintenancenotification-777563-158","serviceAccountEmail":"824215388091-compute@developer.gserviceaccount.com","retryPolicy":"RETRY_POLICY_DO_NOT_RETRY"},"state":"ACTIVE","updateTime":"2025-10-23T03:24:06.572429131Z","labels":{"deployment-tool":"cli-firebase","firebase-functions-hash":"2c248effb5a4067dcb7277818cb98c5c6616bcf9"},"environment":"GEN_2","url":"https://us-central1-bigvibestudios-b9839.cloudfunctions.net/onMaintenanceNotification","createTime":"2025-09-16T06:19:16.599909576Z","satisfiesPzi":true},{"name":"projects/bigvibestudios-b9839/locations/us-central1/functions/onAppUpdateNotification","buildConfig":{"build":"projects/824215388091/locations/us-central1/builds/70f09fd7-faa5-4e8b-bb15-0483803e5d9d","runtime":"nodejs20","entryPoint":"onAppUpdateNotification","source":{"storageSource":{"bucket":"gcf-v2-sources-824215388091-us-central1","object":"onAppUpdateNotification/function-source.zip","generation":"1761189813843256"}},"environmentVariables":{"GOOGLE_NODE_RUN_SCRIPTS":""},"dockerRepository":"projects/bigvibestudios-b9839/locations/us-central1/repositories/gcf-artifacts","sourceProvenance":{"resolvedStorageSource":{"bucket":"gcf-v2-sources-824215388091-us-central1","object":"onAppUpdateNotification/function-source.zip","generation":"1761189813843256"}},"dockerRegistry":"ARTIFACT_REGISTRY","serviceAccount":"projects/bigvibestudios-b9839/serviceAccounts/824215388091-compute@developer.gserviceaccount.com","automaticUpdatePolicy":{}},"serviceConfig":{"service":"projects/bigvibestudios-b9839/locations/us-central1/services/onappupdatenotification","timeoutSeconds":60,"environmentVariables":{"FIREBASE_CONFIG":"{\"projectId\":\"bigvibestudios-b9839\",\"storageBucket\":\"bigvibestudios-b9839.firebasestorage.app\"}","GCLOUD_PROJECT":"bigvibestudios-b9839","EVENTARC_CLOUD_EVENT_SOURCE":"projects/bigvibestudios-b9839/locations/us-central1/services/onAppUpdateNotification","FUNCTION_SIGNATURE_TYPE":"cloudevent","FUNCTION_TARGET":"onAppUpdateNotification","LOG_EXECUTION_ID":"true"},"maxInstanceCount":20,"ingressSettings":"ALLOW_ALL","uri":"https://onappupdatenotification-5od57l42ga-uc.a.run.app","serviceAccountEmail":"824215388091-compute@developer.gserviceaccount.com","availableMemory":"256Mi","allTrafficOnLatestRevision":true,"revision":"onappupdatenotification-00022-zaf","maxInstanceRequestConcurrency":80,"availableCpu":"1"},"eventTrigger":{"trigger":"projects/bigvibestudios-b9839/locations/nam5/triggers/onappupdatenotification-317535","triggerRegion":"nam5","eventType":"google.cloud.firestore.document.v1.created","eventFilters":[{"attribute":"database","value":"(default)"},{"attribute":"namespace","value":"(default)"},{"attribute":"document","value":"admin/updates/{updateId}","operator":"match-path-pattern"}],"pubsubTopic":"projects/bigvibestudios-b9839/topics/eventarc-nam5-onappupdatenotification-317535-082","serviceAccountEmail":"824215388091-compute@developer.gserviceaccount.com","retryPolicy":"RETRY_POLICY_DO_NOT_RETRY"},"state":"ACTIVE","updateTime":"2025-10-23T03:24:00.576946930Z","labels":{"deployment-tool":"cli-firebase","firebase-functions-hash":"2c248effb5a4067dcb7277818cb98c5c6616bcf9"},"environment":"GEN_2","url":"https://us-central1-bigvibestudios-b9839.cloudfunctions.net/onAppUpdateNotification","createTime":"2025-09-16T06:19:16.530278141Z","satisfiesPzi":true},{"name":"projects/bigvibestudios-b9839/locations/us-central1/functions/processScheduledNotifications","buildConfig":{"build":"projects/824215388091/locations/us-central1/builds/70f09fd7-faa5-4e8b-bb15-0483803e5d9d","runtime":"nodejs20","entryPoint":"processScheduledNotifications","source":{"storageSource":{"bucket":"gcf-v2-sources-824215388091-us-central1","object":"processScheduledNotifications/function-source.zip","generation":"1761189813763741"}},"environmentVariables":{"GOOGLE_NODE_RUN_SCRIPTS":""},"dockerRepository":"projects/bigvibestudios-b9839/locations/us-central1/repositories/gcf-artifacts","sourceProvenance":{"resolvedStorageSource":{"bucket":"gcf-v2-sources-824215388091-us-central1","object":"processScheduledNotifications/function-source.zip","generation":"1761189813763741"}},"dockerRegistry":"ARTIFACT_REGISTRY","serviceAccount":"projects/bigvibestudios-b9839/serviceAccounts/824215388091-compute@developer.gserviceaccount.com","automaticUpdatePolicy":{}},"serviceConfig":{"service":"projects/bigvibestudios-b9839/locations/us-central1/services/processschedulednotifications","timeoutSeconds":60,"environmentVariables":{"FIREBASE_CONFIG":"{\"projectId\":\"bigvibestudios-b9839\",\"storageBucket\":\"bigvibestudios-b9839.firebasestorage.app\"}","GCLOUD_PROJECT":"bigvibestudios-b9839","EVENTARC_CLOUD_EVENT_SOURCE":"projects/bigvibestudios-b9839/locations/us-central1/services/processScheduledNotifications","FUNCTION_TARGET":"processScheduledNotifications","LOG_EXECUTION_ID":"true","FUNCTION_SIGNATURE_TYPE":"http"},"maxInstanceCount":20,"ingressSettings":"ALLOW_ALL","uri":"https://processschedulednotifications-5od57l42ga-uc.a.run.app","serviceAccountEmail":"824215388091-compute@developer.gserviceaccount.com","availableMemory":"256Mi","allTrafficOnLatestRevision":true,"revision":"processschedulednotifications-00026-yik","maxInstanceRequestConcurrency":80,"availableCpu":"1"},"state":"ACTIVE","updateTime":"2025-10-23T03:24:05.723175013Z","labels":{"firebase-functions-hash":"2c248effb5a4067dcb7277818cb98c5c6616bcf9","deployment-tool":"cli-firebase","deployment-scheduled":"true"},"environment":"GEN_2","url":"https://us-central1-bigvibestudios-b9839.cloudfunctions.net/processScheduledNotifications","createTime":"2025-09-16T17:54:13.032735542Z","satisfiesPzi":true},{"name":"projects/bigvibestudios-b9839/locations/us-central1/functions/onAdminAnnouncement","buildConfig":{"build":"projects/824215388091/locations/us-central1/builds/70f09fd7-faa5-4e8b-bb15-0483803e5d9d","runtime":"nodejs20","entryPoint":"onAdminAnnouncement","source":{"storageSource":{"bucket":"gcf-v2-sources-824215388091-us-central1","object":"onAdminAnnouncement/function-source.zip","generation":"1761189755015536"}},"environmentVariables":{"GOOGLE_NODE_RUN_SCRIPTS":""},"dockerRepository":"projects/bigvibestudios-b9839/locations/us-central1/repositories/gcf-artifacts","sourceProvenance":{"resolvedStorageSource":{"bucket":"gcf-v2-sources-824215388091-us-central1","object":"onAdminAnnouncement/function-source.zip","generation":"1761189755015536"}},"dockerRegistry":"ARTIFACT_REGISTRY","serviceAccount":"projects/bigvibestudios-b9839/serviceAccounts/824215388091-compute@developer.gserviceaccount.com","automaticUpdatePolicy":{}},"serviceConfig":{"service":"projects/bigvibestudios-b9839/locations/us-central1/services/onadminannouncement","timeoutSeconds":60,"environmentVariables":{"FIREBASE_CONFIG":"{\"projectId\":\"bigvibestudios-b9839\",\"storageBucket\":\"bigvibestudios-b9839.firebasestorage.app\"}","GCLOUD_PROJECT":"bigvibestudios-b9839","EVENTARC_CLOUD_EVENT_SOURCE":"projects/bigvibestudios-b9839/locations/us-central1/services/onAdminAnnouncement","FUNCTION_SIGNATURE_TYPE":"cloudevent","FUNCTION_TARGET":"onAdminAnnouncement","LOG_EXECUTION_ID":"true"},"maxInstanceCount":20,"ingressSettings":"ALLOW_ALL","uri":"https://onadminannouncement-5od57l42ga-uc.a.run.app","serviceAccountEmail":"824215388091-compute@developer.gserviceaccount.com","availableMemory":"256Mi","allTrafficOnLatestRevision":true,"revision":"onadminannouncement-00022-rig","maxInstanceRequestConcurrency":80,"availableCpu":"1"},"eventTrigger":{"trigger":"projects/bigvibestudios-b9839/locations/nam5/triggers/onadminannouncement-794888","triggerRegion":"nam5","eventType":"google.cloud.firestore.document.v1.created","eventFilters":[{"attribute":"database","value":"(default)"},{"attribute":"namespace","value":"(default)"},{"attribute":"document","value":"admin/announcements/{announcementId}","operator":"match-path-pattern"}],"pubsubTopic":"projects/bigvibestudios-b9839/topics/eventarc-nam5-onadminannouncement-794888-302","serviceAccountEmail":"824215388091-compute@developer.gserviceaccount.com","retryPolicy":"RETRY_POLICY_DO_NOT_RETRY"},"state":"ACTIVE","updateTime":"2025-10-23T03:24:01.967409975Z","labels":{"deployment-tool":"cli-firebase","firebase-functions-hash":"2c248effb5a4067dcb7277818cb98c5c6616bcf9"},"environment":"GEN_2","url":"https://us-central1-bigvibestudios-b9839.cloudfunctions.net/onAdminAnnouncement","createTime":"2025-09-16T06:19:16.540843854Z","satisfiesPzi":true}]}
[debug] [2025-12-04T18:21:47.920Z] Checked if tokens are valid: true, expires at: 1764876081402
[debug] [2025-12-04T18:21:47.920Z] Checked if tokens are valid: true, expires at: 1764876081402
[debug] [2025-12-04T18:21:47.920Z] Checked if tokens are valid: true, expires at: 1764876081402
[debug] [2025-12-04T18:21:47.920Z] Checked if tokens are valid: true, expires at: 1764876081402
[debug] [2025-12-04T18:21:47.920Z] Checked if tokens are valid: true, expires at: 1764876081402
[debug] [2025-12-04T18:21:47.920Z] Checked if tokens are valid: true, expires at: 1764876081402
[debug] [2025-12-04T18:21:47.920Z] >>> [apiv2][query] GET https://firestore.googleapis.com/v1/projects/bigvibestudios-b9839/databases/(default) [none]
[debug] [2025-12-04T18:21:47.921Z] >>> [apiv2][query] GET https://firestore.googleapis.com/v1/projects/bigvibestudios-b9839/databases/(default) [none]
[debug] [2025-12-04T18:21:47.921Z] >>> [apiv2][query] GET https://firestore.googleapis.com/v1/projects/bigvibestudios-b9839/databases/(default) [none]
[debug] [2025-12-04T18:21:48.176Z] <<< [apiv2][status] GET https://firestore.googleapis.com/v1/projects/bigvibestudios-b9839/databases/(default) 200
[debug] [2025-12-04T18:21:48.176Z] <<< [apiv2][body] GET https://firestore.googleapis.com/v1/projects/bigvibestudios-b9839/databases/(default) {"name":"projects/bigvibestudios-b9839/databases/(default)","uid":"a6fe4020-1838-453f-a1de-681814e14bd5","createTime":"2025-07-16T17:06:11.037581Z","updateTime":"2025-07-16T17:06:11.037581Z","locationId":"nam5","type":"FIRESTORE_NATIVE","concurrencyMode":"PESSIMISTIC","versionRetentionPeriod":"3600s","earliestVersionTime":"2025-12-04T17:21:47.833259Z","appEngineIntegrationMode":"DISABLED","keyPrefix":"s","pointInTimeRecoveryEnablement":"POINT_IN_TIME_RECOVERY_DISABLED","deleteProtectionState":"DELETE_PROTECTION_DISABLED","databaseEdition":"STANDARD","freeTier":true,"realtimeUpdatesMode":"REALTIME_UPDATES_MODE_ENABLED","etag":"IJfynLfGpJEDMJGl5fDvwY4D"}
[debug] [2025-12-04T18:21:48.331Z] <<< [apiv2][status] GET https://firestore.googleapis.com/v1/projects/bigvibestudios-b9839/databases/(default) 200
[debug] [2025-12-04T18:21:48.331Z] <<< [apiv2][body] GET https://firestore.googleapis.com/v1/projects/bigvibestudios-b9839/databases/(default) {"name":"projects/bigvibestudios-b9839/databases/(default)","uid":"a6fe4020-1838-453f-a1de-681814e14bd5","createTime":"2025-07-16T17:06:11.037581Z","updateTime":"2025-07-16T17:06:11.037581Z","locationId":"nam5","type":"FIRESTORE_NATIVE","concurrencyMode":"PESSIMISTIC","versionRetentionPeriod":"3600s","earliestVersionTime":"2025-12-04T17:21:47.987204Z","appEngineIntegrationMode":"DISABLED","keyPrefix":"s","pointInTimeRecoveryEnablement":"POINT_IN_TIME_RECOVERY_DISABLED","deleteProtectionState":"DELETE_PROTECTION_DISABLED","databaseEdition":"STANDARD","freeTier":true,"realtimeUpdatesMode":"REALTIME_UPDATES_MODE_ENABLED","etag":"IPKkprfGpJEDMJGl5fDvwY4D"}
[debug] [2025-12-04T18:21:48.478Z] <<< [apiv2][status] GET https://firestore.googleapis.com/v1/projects/bigvibestudios-b9839/databases/(default) 200
[debug] [2025-12-04T18:21:48.478Z] <<< [apiv2][body] GET https://firestore.googleapis.com/v1/projects/bigvibestudios-b9839/databases/(default) {"name":"projects/bigvibestudios-b9839/databases/(default)","uid":"a6fe4020-1838-453f-a1de-681814e14bd5","createTime":"2025-07-16T17:06:11.037581Z","updateTime":"2025-07-16T17:06:11.037581Z","locationId":"nam5","type":"FIRESTORE_NATIVE","concurrencyMode":"PESSIMISTIC","versionRetentionPeriod":"3600s","earliestVersionTime":"2025-12-04T17:21:48.134943Z","appEngineIntegrationMode":"DISABLED","keyPrefix":"s","pointInTimeRecoveryEnablement":"POINT_IN_TIME_RECOVERY_DISABLED","deleteProtectionState":"DELETE_PROTECTION_DISABLED","databaseEdition":"STANDARD","freeTier":true,"realtimeUpdatesMode":"REALTIME_UPDATES_MODE_ENABLED","etag":"IMKnr7fGpJEDMJGl5fDvwY4D"}
[info] i  functions: ensuring required API cloudscheduler.googleapis.com is enabled... 
[debug] [2025-12-04T18:21:48.480Z] Checked if tokens are valid: true, expires at: 1764876081402
[debug] [2025-12-04T18:21:48.480Z] Checked if tokens are valid: true, expires at: 1764876081402
[debug] [2025-12-04T18:21:48.480Z] >>> [apiv2][query] GET https://serviceusage.googleapis.com/v1/projects/bigvibestudios-b9839/services/cloudscheduler.googleapis.com [none]
[debug] [2025-12-04T18:21:48.480Z] >>> [apiv2][(partial)header] GET https://serviceusage.googleapis.com/v1/projects/bigvibestudios-b9839/services/cloudscheduler.googleapis.com x-goog-quota-user=projects/bigvibestudios-b9839
[debug] [2025-12-04T18:21:48.794Z] <<< [apiv2][status] GET https://serviceusage.googleapis.com/v1/projects/bigvibestudios-b9839/services/cloudscheduler.googleapis.com 200
[debug] [2025-12-04T18:21:48.794Z] <<< [apiv2][body] GET https://serviceusage.googleapis.com/v1/projects/bigvibestudios-b9839/services/cloudscheduler.googleapis.com [omitted]
[info] +  functions: required API cloudscheduler.googleapis.com is enabled 
[info] i  functions: ensuring required API run.googleapis.com is enabled... 
[debug] [2025-12-04T18:21:48.795Z] Checked if tokens are valid: true, expires at: 1764876081402
[debug] [2025-12-04T18:21:48.795Z] Checked if tokens are valid: true, expires at: 1764876081402
[info] i  functions: ensuring required API eventarc.googleapis.com is enabled... 
[debug] [2025-12-04T18:21:48.795Z] Checked if tokens are valid: true, expires at: 1764876081402
[debug] [2025-12-04T18:21:48.795Z] Checked if tokens are valid: true, expires at: 1764876081402
[info] i  functions: ensuring required API pubsub.googleapis.com is enabled... 
[debug] [2025-12-04T18:21:48.795Z] Checked if tokens are valid: true, expires at: 1764876081402
[debug] [2025-12-04T18:21:48.795Z] Checked if tokens are valid: true, expires at: 1764876081402
[info] i  functions: ensuring required API storage.googleapis.com is enabled... 
[debug] [2025-12-04T18:21:48.795Z] Checked if tokens are valid: true, expires at: 1764876081402
[debug] [2025-12-04T18:21:48.795Z] Checked if tokens are valid: true, expires at: 1764876081402
[debug] [2025-12-04T18:21:48.795Z] >>> [apiv2][query] GET https://serviceusage.googleapis.com/v1/projects/bigvibestudios-b9839/services/run.googleapis.com [none]
[debug] [2025-12-04T18:21:48.795Z] >>> [apiv2][(partial)header] GET https://serviceusage.googleapis.com/v1/projects/bigvibestudios-b9839/services/run.googleapis.com x-goog-quota-user=projects/bigvibestudios-b9839
[debug] [2025-12-04T18:21:48.796Z] >>> [apiv2][query] GET https://serviceusage.googleapis.com/v1/projects/bigvibestudios-b9839/services/eventarc.googleapis.com [none]
[debug] [2025-12-04T18:21:48.797Z] >>> [apiv2][(partial)header] GET https://serviceusage.googleapis.com/v1/projects/bigvibestudios-b9839/services/eventarc.googleapis.com x-goog-quota-user=projects/bigvibestudios-b9839
[debug] [2025-12-04T18:21:48.798Z] >>> [apiv2][query] GET https://serviceusage.googleapis.com/v1/projects/bigvibestudios-b9839/services/pubsub.googleapis.com [none]
[debug] [2025-12-04T18:21:48.798Z] >>> [apiv2][(partial)header] GET https://serviceusage.googleapis.com/v1/projects/bigvibestudios-b9839/services/pubsub.googleapis.com x-goog-quota-user=projects/bigvibestudios-b9839
[debug] [2025-12-04T18:21:48.799Z] >>> [apiv2][query] GET https://serviceusage.googleapis.com/v1/projects/bigvibestudios-b9839/services/storage.googleapis.com [none]
[debug] [2025-12-04T18:21:48.799Z] >>> [apiv2][(partial)header] GET https://serviceusage.googleapis.com/v1/projects/bigvibestudios-b9839/services/storage.googleapis.com x-goog-quota-user=projects/bigvibestudios-b9839
[debug] [2025-12-04T18:21:49.098Z] <<< [apiv2][status] GET https://serviceusage.googleapis.com/v1/projects/bigvibestudios-b9839/services/pubsub.googleapis.com 200
[debug] [2025-12-04T18:21:49.098Z] <<< [apiv2][body] GET https://serviceusage.googleapis.com/v1/projects/bigvibestudios-b9839/services/pubsub.googleapis.com [omitted]
[info] +  functions: required API pubsub.googleapis.com is enabled 
[debug] [2025-12-04T18:21:49.100Z] <<< [apiv2][status] GET https://serviceusage.googleapis.com/v1/projects/bigvibestudios-b9839/services/run.googleapis.com 200
[debug] [2025-12-04T18:21:49.100Z] <<< [apiv2][body] GET https://serviceusage.googleapis.com/v1/projects/bigvibestudios-b9839/services/run.googleapis.com [omitted]
[info] +  functions: required API run.googleapis.com is enabled 
[debug] [2025-12-04T18:21:49.111Z] <<< [apiv2][status] GET https://serviceusage.googleapis.com/v1/projects/bigvibestudios-b9839/services/eventarc.googleapis.com 200
[debug] [2025-12-04T18:21:49.111Z] <<< [apiv2][body] GET https://serviceusage.googleapis.com/v1/projects/bigvibestudios-b9839/services/eventarc.googleapis.com [omitted]
[info] +  functions: required API eventarc.googleapis.com is enabled 
[debug] [2025-12-04T18:21:49.124Z] <<< [apiv2][status] GET https://serviceusage.googleapis.com/v1/projects/bigvibestudios-b9839/services/storage.googleapis.com 200
[debug] [2025-12-04T18:21:49.124Z] <<< [apiv2][body] GET https://serviceusage.googleapis.com/v1/projects/bigvibestudios-b9839/services/storage.googleapis.com [omitted]
[info] +  functions: required API storage.googleapis.com is enabled 
[info] i  functions: generating the service identity for pubsub.googleapis.com... 
[debug] [2025-12-04T18:21:49.125Z] Checked if tokens are valid: true, expires at: 1764876081402
[debug] [2025-12-04T18:21:49.125Z] Checked if tokens are valid: true, expires at: 1764876081402
[info] i  functions: generating the service identity for eventarc.googleapis.com... 
[debug] [2025-12-04T18:21:49.125Z] Checked if tokens are valid: true, expires at: 1764876081402
[debug] [2025-12-04T18:21:49.125Z] Checked if tokens are valid: true, expires at: 1764876081402
[debug] [2025-12-04T18:21:49.125Z] >>> [apiv2][query] POST https://serviceusage.googleapis.com/v1beta1/projects/824215388091/services/pubsub.googleapis.com:generateServiceIdentity [none]
[debug] [2025-12-04T18:21:49.126Z] >>> [apiv2][query] POST https://serviceusage.googleapis.com/v1beta1/projects/824215388091/services/eventarc.googleapis.com:generateServiceIdentity [none]
[debug] [2025-12-04T18:21:49.477Z] <<< [apiv2][status] POST https://serviceusage.googleapis.com/v1beta1/projects/824215388091/services/pubsub.googleapis.com:generateServiceIdentity 200
[debug] [2025-12-04T18:21:49.477Z] <<< [apiv2][body] POST https://serviceusage.googleapis.com/v1beta1/projects/824215388091/services/pubsub.googleapis.com:generateServiceIdentity {"name":"operations/finished.DONE_OPERATION","done":true,"response":{"@type":"type.googleapis.com/google.api.serviceusage.v1beta1.ServiceIdentity","email":"service-824215388091@gcp-sa-pubsub.iam.gserviceaccount.com","uniqueId":"114207630538601721737"}}
[debug] [2025-12-04T18:21:49.501Z] <<< [apiv2][status] POST https://serviceusage.googleapis.com/v1beta1/projects/824215388091/services/eventarc.googleapis.com:generateServiceIdentity 200
[debug] [2025-12-04T18:21:49.501Z] <<< [apiv2][body] POST https://serviceusage.googleapis.com/v1beta1/projects/824215388091/services/eventarc.googleapis.com:generateServiceIdentity {"name":"operations/finished.DONE_OPERATION","done":true,"response":{"@type":"type.googleapis.com/google.api.serviceusage.v1beta1.ServiceIdentity","email":"service-824215388091@gcp-sa-eventarc.iam.gserviceaccount.com","uniqueId":"109262571146031642331"}}
[debug] [2025-12-04T18:21:49.503Z] Checked if tokens are valid: true, expires at: 1764876081402
[debug] [2025-12-04T18:21:49.503Z] Checked if tokens are valid: true, expires at: 1764876081402
[debug] [2025-12-04T18:21:49.503Z] >>> [apiv2][query] GET https://cloudresourcemanager.googleapis.com/v1/projects/bigvibestudios-b9839 [none]
[debug] [2025-12-04T18:21:49.684Z] <<< [apiv2][status] GET https://cloudresourcemanager.googleapis.com/v1/projects/bigvibestudios-b9839 200
[debug] [2025-12-04T18:21:49.684Z] <<< [apiv2][body] GET https://cloudresourcemanager.googleapis.com/v1/projects/bigvibestudios-b9839 {"projectNumber":"824215388091","projectId":"bigvibestudios-b9839","lifecycleState":"ACTIVE","name":"BigVibeStudios","labels":{"firebase":"enabled","firebase-core":"disabled"},"createTime":"2025-06-19T13:42:36.603020Z"}
[debug] [2025-12-04T18:21:49.685Z] Checked if tokens are valid: true, expires at: 1764876081402
[debug] [2025-12-04T18:21:49.685Z] Checked if tokens are valid: true, expires at: 1764876081402
[debug] [2025-12-04T18:21:49.685Z] >>> [apiv2][query] GET https://cloudbilling.googleapis.com/v1/projects/bigvibestudios-b9839/billingInfo [none]
[debug] [2025-12-04T18:21:49.907Z] <<< [apiv2][status] GET https://cloudbilling.googleapis.com/v1/projects/bigvibestudios-b9839/billingInfo 200
[debug] [2025-12-04T18:21:49.907Z] <<< [apiv2][body] GET https://cloudbilling.googleapis.com/v1/projects/bigvibestudios-b9839/billingInfo {"name":"projects/bigvibestudios-b9839/billingInfo","projectId":"bigvibestudios-b9839","billingAccountName":"billingAccounts/013D54-62A08E-8F5199","billingEnabled":true}
[debug] [2025-12-04T18:21:49.908Z] Checked if tokens are valid: true, expires at: 1764876081402
[debug] [2025-12-04T18:21:49.908Z] Checked if tokens are valid: true, expires at: 1764876081402
[debug] [2025-12-04T18:21:49.908Z] Checked if tokens are valid: true, expires at: 1764876081402
[debug] [2025-12-04T18:21:49.908Z] Checked if tokens are valid: true, expires at: 1764876081402
[debug] [2025-12-04T18:21:49.908Z] >>> [apiv2][query] POST https://cloudfunctions.googleapis.com/v1/projects/bigvibestudios-b9839/locations/us-central1/functions:generateUploadUrl [none]
[debug] [2025-12-04T18:21:49.908Z] >>> [apiv2][body] POST https://cloudfunctions.googleapis.com/v1/projects/bigvibestudios-b9839/locations/us-central1/functions:generateUploadUrl {}
[debug] [2025-12-04T18:21:49.909Z] >>> [apiv2][query] POST https://cloudfunctions.googleapis.com/v2/projects/bigvibestudios-b9839/locations/us-central1/functions:generateUploadUrl [none]
[debug] [2025-12-04T18:21:50.201Z] <<< [apiv2][status] POST https://cloudfunctions.googleapis.com/v2/projects/bigvibestudios-b9839/locations/us-central1/functions:generateUploadUrl 200
[debug] [2025-12-04T18:21:50.201Z] <<< [apiv2][body] POST https://cloudfunctions.googleapis.com/v2/projects/bigvibestudios-b9839/locations/us-central1/functions:generateUploadUrl {"uploadUrl":"https://storage.googleapis.com/gcf-v2-uploads-824215388091.us-central1.cloudfunctions.appspot.com/abc4ee96-df6d-449a-be3a-8d9736628750.zip?GoogleAccessId=service-824215388091@gcf-admin-robot.iam.gserviceaccount.com&Expires=1764874309&Signature=SmOYohpole%2Ffe02tpD8oFmWhs68%2FgI2BR7jTGUmNpoXCrPLPgPlSeHgLYG34fhZb74JiP5IUZxaoNG8Y3cH%2BEDrL5bu7DjrLZsoVaG8XFM1mFIGZmnAIcYeay9cis5HkkVFnl81LYtUTNYHsSSkbNf3wTI4uIUOd9U8wo6bagbWd7tqnqrG7ssxHyP2MMULnhxUWrjurnXjQWL5Pd%2BrlV8u0RpT2uQRfvbw3cRZ3ENE2k9vY2rsYPi1Zzey4NfcblKfASBjpooI0wLcpZVz46FJiHK1beT026AAs9xY5A4FBGSUJ2tp9CuIiP9SZhUVkSLHSM2rpmUPaKtfQMEcUzA%3D%3D","storageSource":{"bucket":"gcf-v2-uploads-824215388091.us-central1.cloudfunctions.appspot.com","object":"abc4ee96-df6d-449a-be3a-8d9736628750.zip"}}
[debug] [2025-12-04T18:21:50.202Z] >>> [apiv2][query] PUT https://storage.googleapis.com/gcf-v2-uploads-824215388091.us-central1.cloudfunctions.appspot.com/abc4ee96-df6d-449a-be3a-8d9736628750.zip GoogleAccessId=service-824215388091%40gcf-admin-robot.iam.gserviceaccount.com&Expires=1764874309&Signature=SmOYohpole%2Ffe02tpD8oFmWhs68%2FgI2BR7jTGUmNpoXCrPLPgPlSeHgLYG34fhZb74JiP5IUZxaoNG8Y3cH%2BEDrL5bu7DjrLZsoVaG8XFM1mFIGZmnAIcYeay9cis5HkkVFnl81LYtUTNYHsSSkbNf3wTI4uIUOd9U8wo6bagbWd7tqnqrG7ssxHyP2MMULnhxUWrjurnXjQWL5Pd%2BrlV8u0RpT2uQRfvbw3cRZ3ENE2k9vY2rsYPi1Zzey4NfcblKfASBjpooI0wLcpZVz46FJiHK1beT026AAs9xY5A4FBGSUJ2tp9CuIiP9SZhUVkSLHSM2rpmUPaKtfQMEcUzA%3D%3D
[debug] [2025-12-04T18:21:50.202Z] >>> [apiv2][body] PUT https://storage.googleapis.com/gcf-v2-uploads-824215388091.us-central1.cloudfunctions.appspot.com/abc4ee96-df6d-449a-be3a-8d9736628750.zip [stream]
[debug] [2025-12-04T18:21:50.425Z] <<< [apiv2][status] PUT https://storage.googleapis.com/gcf-v2-uploads-824215388091.us-central1.cloudfunctions.appspot.com/abc4ee96-df6d-449a-be3a-8d9736628750.zip 200
[debug] [2025-12-04T18:21:50.425Z] <<< [apiv2][body] PUT https://storage.googleapis.com/gcf-v2-uploads-824215388091.us-central1.cloudfunctions.appspot.com/abc4ee96-df6d-449a-be3a-8d9736628750.zip [omitted]
[debug] [2025-12-04T18:21:50.429Z] <<< [apiv2][status] POST https://cloudfunctions.googleapis.com/v1/projects/bigvibestudios-b9839/locations/us-central1/functions:generateUploadUrl 200
[debug] [2025-12-04T18:21:50.429Z] <<< [apiv2][body] POST https://cloudfunctions.googleapis.com/v1/projects/bigvibestudios-b9839/locations/us-central1/functions:generateUploadUrl {"uploadUrl":"https://storage.googleapis.com/uploads-1045849998017.us-central1.cloudfunctions.appspot.com/4d7a274f-f9c2-4e27-a419-645bdc5f92ac.zip?GoogleAccessId=service-824215388091@gcf-admin-robot.iam.gserviceaccount.com&Expires=1764874310&Signature=YaUVMs%2FLvw%2ByfWQOvb8H9tgUAfahkDtBI06rX0CB89dfb6pYkL7V9Ba8MCQxnmvG%2BzwxcVqt5bUnn4nkzB6UBhU3BdamJnKwU3Y4G56kQtBW8mPdjm7vWqfcS2Dl44%2BokStp5lVOpIJchq6euyo7iQpZoZG37u6MWnM0yYKv1K%2Bub1k61gVMG4MbG1ISUg9Cq3W659wQf%2F3lTfEhIYJpwwu5mpq3Hjd2Vx7v85xJKv55X%2By8Q8lKrYMQ0H9%2F%2BukTD9NbSHvcT8wKwaUplLtpujiyM%2BQ443K%2FLXTNoY5BxIBUU6Y8%2B2IMLT%2F5veux1W4IkgLGyfr7k4Y3%2Bt%2FmOAUVcw%3D%3D"}
[debug] [2025-12-04T18:21:50.429Z] >>> [apiv2][query] PUT https://storage.googleapis.com/uploads-1045849998017.us-central1.cloudfunctions.appspot.com/4d7a274f-f9c2-4e27-a419-645bdc5f92ac.zip GoogleAccessId=service-824215388091%40gcf-admin-robot.iam.gserviceaccount.com&Expires=1764874310&Signature=YaUVMs%2FLvw%2ByfWQOvb8H9tgUAfahkDtBI06rX0CB89dfb6pYkL7V9Ba8MCQxnmvG%2BzwxcVqt5bUnn4nkzB6UBhU3BdamJnKwU3Y4G56kQtBW8mPdjm7vWqfcS2Dl44%2BokStp5lVOpIJchq6euyo7iQpZoZG37u6MWnM0yYKv1K%2Bub1k61gVMG4MbG1ISUg9Cq3W659wQf%2F3lTfEhIYJpwwu5mpq3Hjd2Vx7v85xJKv55X%2By8Q8lKrYMQ0H9%2F%2BukTD9NbSHvcT8wKwaUplLtpujiyM%2BQ443K%2FLXTNoY5BxIBUU6Y8%2B2IMLT%2F5veux1W4IkgLGyfr7k4Y3%2Bt%2FmOAUVcw%3D%3D
[debug] [2025-12-04T18:21:50.429Z] >>> [apiv2][body] PUT https://storage.googleapis.com/uploads-1045849998017.us-central1.cloudfunctions.appspot.com/4d7a274f-f9c2-4e27-a419-645bdc5f92ac.zip [stream]
[debug] [2025-12-04T18:21:50.627Z] <<< [apiv2][status] PUT https://storage.googleapis.com/uploads-1045849998017.us-central1.cloudfunctions.appspot.com/4d7a274f-f9c2-4e27-a419-645bdc5f92ac.zip 200
[debug] [2025-12-04T18:21:50.627Z] <<< [apiv2][body] PUT https://storage.googleapis.com/uploads-1045849998017.us-central1.cloudfunctions.appspot.com/4d7a274f-f9c2-4e27-a419-645bdc5f92ac.zip [omitted]
[info] +  functions: functions folder uploaded successfully 
[info] i  functions: updating Node.js 20 (1st Gen) function onHostComment(us-central1)... 
[info] i  functions: updating Node.js 20 (1st Gen) function onGuestComment(us-central1)... 
[debug] [2025-12-04T18:21:50.631Z] Checked if tokens are valid: true, expires at: 1764876081402
[debug] [2025-12-04T18:21:50.631Z] Checked if tokens are valid: true, expires at: 1764876081402
[debug] [2025-12-04T18:21:50.631Z] >>> [apiv2][query] PATCH https://cloudfunctions.googleapis.com/v1/projects/bigvibestudios-b9839/locations/us-central1/functions/onHostComment updateMask=name%2CsourceUploadUrl%2CentryPoint%2Cruntime%2CdockerRegistry%2Clabels%2CeventTrigger.eventType%2CeventTrigger.resource%2CeventTrigger.failurePolicy%2CminInstances%2CmaxInstances%2CingressSettings%2CenvironmentVariables%2CserviceAccountEmail%2CavailableMemoryMb%2Ctimeout%2CvpcConnector%2CvpcConnectorEgressSettings%2CsourceToken%2CbuildEnvironmentVariables
[debug] [2025-12-04T18:21:50.632Z] >>> [apiv2][body] PATCH https://cloudfunctions.googleapis.com/v1/projects/bigvibestudios-b9839/locations/us-central1/functions/onHostComment {"name":"projects/bigvibestudios-b9839/locations/us-central1/functions/onHostComment","sourceUploadUrl":"https://storage.googleapis.com/uploads-1045849998017.us-central1.cloudfunctions.appspot.com/4d7a274f-f9c2-4e27-a419-645bdc5f92ac.zip?GoogleAccessId=service-824215388091@gcf-admin-robot.iam.gserviceaccount.com&Expires=1764874310&Signature=YaUVMs%2FLvw%2ByfWQOvb8H9tgUAfahkDtBI06rX0CB89dfb6pYkL7V9Ba8MCQxnmvG%2BzwxcVqt5bUnn4nkzB6UBhU3BdamJnKwU3Y4G56kQtBW8mPdjm7vWqfcS2Dl44%2BokStp5lVOpIJchq6euyo7iQpZoZG37u6MWnM0yYKv1K%2Bub1k61gVMG4MbG1ISUg9Cq3W659wQf%2F3lTfEhIYJpwwu5mpq3Hjd2Vx7v85xJKv55X%2By8Q8lKrYMQ0H9%2F%2BukTD9NbSHvcT8wKwaUplLtpujiyM%2BQ443K%2FLXTNoY5BxIBUU6Y8%2B2IMLT%2F5veux1W4IkgLGyfr7k4Y3%2Bt%2FmOAUVcw%3D%3D","entryPoint":"onHostComment","runtime":"nodejs20","dockerRegistry":"ARTIFACT_REGISTRY","labels":{"deployment-tool":"cli-firebase","firebase-functions-hash":"6c826f85f67552855e870ca66665a78e0b219a9b"},"eventTrigger":{"eventType":"providers/cloud.firestore/eventTypes/document.create","resource":"projects/bigvibestudios-b9839/databases/(default)/documents/studios/{studioId}/events/{eventId}/comments/{commentId}"},"minInstances":null,"maxInstances":null,"ingressSettings":null,"environmentVariables":{"FIREBASE_CONFIG":"{\"projectId\":\"bigvibestudios-b9839\",\"storageBucket\":\"bigvibestudios-b9839.firebasestorage.app\"}","GCLOUD_PROJECT":"bigvibestudios-b9839","EVENTARC_CLOUD_EVENT_SOURCE":"projects/bigvibestudios-b9839/locations/us-central1/functions/onHostComment"},"serviceAccountEmail":null,"availableMemoryMb":null,"timeout":null,"vpcConnector":null,"vpcConnectorEgressSettings":null,"buildEnvironmentVariables":{"GOOGLE_NODE_RUN_SCRIPTS":""}}
[debug] [2025-12-04T18:21:51.326Z] <<< [apiv2][status] PATCH https://cloudfunctions.googleapis.com/v1/projects/bigvibestudios-b9839/locations/us-central1/functions/onHostComment 200
[debug] [2025-12-04T18:21:51.326Z] <<< [apiv2][body] PATCH https://cloudfunctions.googleapis.com/v1/projects/bigvibestudios-b9839/locations/us-central1/functions/onHostComment {"name":"operations/YmlndmliZXN0dWRpb3MtYjk4MzkvdXMtY2VudHJhbDEvb25Ib3N0Q29tbWVudC96ZnE2aHdzUDlJOA","metadata":{"@type":"type.googleapis.com/google.cloud.functions.v1.OperationMetadataV1","target":"projects/bigvibestudios-b9839/locations/us-central1/functions/onHostComment","type":"UPDATE_FUNCTION","request":{"@type":"type.googleapis.com/google.cloud.functions.v1.CloudFunction","name":"projects/bigvibestudios-b9839/locations/us-central1/functions/onHostComment","eventTrigger":{"eventType":"providers/cloud.firestore/eventTypes/document.create","resource":"projects/bigvibestudios-b9839/databases/(default)/documents/studios/{studioId}/events/{eventId}/comments/{commentId}","service":"firestore.googleapis.com"},"status":"ACTIVE","entryPoint":"onHostComment","updateTime":"2025-10-23T03:24:05.431Z","versionId":"25","labels":{"deployment-tool":"cli-firebase","firebase-functions-hash":"6c826f85f67552855e870ca66665a78e0b219a9b"},"sourceUploadUrl":"https://storage.googleapis.com/uploads-1045849998017.us-central1.cloudfunctions.appspot.com/4d7a274f-f9c2-4e27-a419-645bdc5f92ac.zip?GoogleAccessId=service-824215388091@gcf-admin-robot.iam.gserviceaccount.com&Expires=1764874310&Signature=YaUVMs%2FLvw%2ByfWQOvb8H9tgUAfahkDtBI06rX0CB89dfb6pYkL7V9Ba8MCQxnmvG%2BzwxcVqt5bUnn4nkzB6UBhU3BdamJnKwU3Y4G56kQtBW8mPdjm7vWqfcS2Dl44%2BokStp5lVOpIJchq6euyo7iQpZoZG37u6MWnM0yYKv1K%2Bub1k61gVMG4MbG1ISUg9Cq3W659wQf%2F3lTfEhIYJpwwu5mpq3Hjd2Vx7v85xJKv55X%2By8Q8lKrYMQ0H9%2F%2BukTD9NbSHvcT8wKwaUplLtpujiyM%2BQ443K%2FLXTNoY5BxIBUU6Y8%2B2IMLT%2F5veux1W4IkgLGyfr7k4Y3%2Bt%2FmOAUVcw%3D%3D","environmentVariables":{"FIREBASE_CONFIG":"{\"projectId\":\"bigvibestudios-b9839\",\"storageBucket\":\"bigvibestudios-b9839.firebasestorage.app\"}","GCLOUD_PROJECT":"bigvibestudios-b9839","EVENTARC_CLOUD_EVENT_SOURCE":"projects/bigvibestudios-b9839/locations/us-central1/functions/onHostComment"},"runtime":"nodejs20","buildId":"e6039596-4176-463c-83c7-6f4479dc76ce","buildEnvironmentVariables":{"GOOGLE_NODE_RUN_SCRIPTS":""},"buildName":"projects/824215388091/locations/us-central1/builds/e6039596-4176-463c-83c7-6f4479dc76ce","dockerRegistry":"ARTIFACT_REGISTRY","automaticUpdatePolicy":{},"buildServiceAccount":"projects/bigvibestudios-b9839/serviceAccounts/824215388091-compute@developer.gserviceaccount.com"},"versionId":"26","updateTime":"2025-12-04T18:21:50Z"}}
[debug] [2025-12-04T18:21:51.326Z] Checked if tokens are valid: true, expires at: 1764876081402
[debug] [2025-12-04T18:21:51.326Z] Checked if tokens are valid: true, expires at: 1764876081402
[debug] [2025-12-04T18:21:51.326Z] >>> [apiv2][query] GET https://cloudfunctions.googleapis.com/v1/operations/YmlndmliZXN0dWRpb3MtYjk4MzkvdXMtY2VudHJhbDEvb25Ib3N0Q29tbWVudC96ZnE2aHdzUDlJOA [none]
[debug] [2025-12-04T18:21:51.564Z] <<< [apiv2][status] GET https://cloudfunctions.googleapis.com/v1/operations/YmlndmliZXN0dWRpb3MtYjk4MzkvdXMtY2VudHJhbDEvb25Ib3N0Q29tbWVudC96ZnE2aHdzUDlJOA 200
[debug] [2025-12-04T18:21:51.564Z] <<< [apiv2][body] GET https://cloudfunctions.googleapis.com/v1/operations/YmlndmliZXN0dWRpb3MtYjk4MzkvdXMtY2VudHJhbDEvb25Ib3N0Q29tbWVudC96ZnE2aHdzUDlJOA {"name":"operations/YmlndmliZXN0dWRpb3MtYjk4MzkvdXMtY2VudHJhbDEvb25Ib3N0Q29tbWVudC96ZnE2aHdzUDlJOA","metadata":{"@type":"type.googleapis.com/google.cloud.functions.v1.OperationMetadataV1","target":"projects/bigvibestudios-b9839/locations/us-central1/functions/onHostComment","type":"UPDATE_FUNCTION","request":{"@type":"type.googleapis.com/google.cloud.functions.v1.CloudFunction","name":"projects/bigvibestudios-b9839/locations/us-central1/functions/onHostComment","eventTrigger":{"eventType":"providers/cloud.firestore/eventTypes/document.create","resource":"projects/bigvibestudios-b9839/databases/(default)/documents/studios/{studioId}/events/{eventId}/comments/{commentId}","service":"firestore.googleapis.com"},"status":"ACTIVE","entryPoint":"onHostComment","updateTime":"2025-10-23T03:24:05.431Z","versionId":"25","labels":{"deployment-tool":"cli-firebase","firebase-functions-hash":"6c826f85f67552855e870ca66665a78e0b219a9b"},"sourceUploadUrl":"https://storage.googleapis.com/uploads-1045849998017.us-central1.cloudfunctions.appspot.com/4d7a274f-f9c2-4e27-a419-645bdc5f92ac.zip?GoogleAccessId=service-824215388091@gcf-admin-robot.iam.gserviceaccount.com&Expires=1764874310&Signature=YaUVMs%2FLvw%2ByfWQOvb8H9tgUAfahkDtBI06rX0CB89dfb6pYkL7V9Ba8MCQxnmvG%2BzwxcVqt5bUnn4nkzB6UBhU3BdamJnKwU3Y4G56kQtBW8mPdjm7vWqfcS2Dl44%2BokStp5lVOpIJchq6euyo7iQpZoZG37u6MWnM0yYKv1K%2Bub1k61gVMG4MbG1ISUg9Cq3W659wQf%2F3lTfEhIYJpwwu5mpq3Hjd2Vx7v85xJKv55X%2By8Q8lKrYMQ0H9%2F%2BukTD9NbSHvcT8wKwaUplLtpujiyM%2BQ443K%2FLXTNoY5BxIBUU6Y8%2B2IMLT%2F5veux1W4IkgLGyfr7k4Y3%2Bt%2FmOAUVcw%3D%3D","environmentVariables":{"FIREBASE_CONFIG":"{\"projectId\":\"bigvibestudios-b9839\",\"storageBucket\":\"bigvibestudios-b9839.firebasestorage.app\"}","GCLOUD_PROJECT":"bigvibestudios-b9839","EVENTARC_CLOUD_EVENT_SOURCE":"projects/bigvibestudios-b9839/locations/us-central1/functions/onHostComment"},"runtime":"nodejs20","buildId":"e6039596-4176-463c-83c7-6f4479dc76ce","buildEnvironmentVariables":{"GOOGLE_NODE_RUN_SCRIPTS":""},"buildName":"projects/824215388091/locations/us-central1/builds/e6039596-4176-463c-83c7-6f4479dc76ce","dockerRegistry":"ARTIFACT_REGISTRY","automaticUpdatePolicy":{},"buildServiceAccount":"projects/bigvibestudios-b9839/serviceAccounts/824215388091-compute@developer.gserviceaccount.com"},"versionId":"26","updateTime":"2025-12-04T18:21:51Z"}}
[debug] [2025-12-04T18:21:52.066Z] [update-default-us-central1-onHostComment] Retrying task index 0
[debug] [2025-12-04T18:21:52.067Z] Checked if tokens are valid: true, expires at: 1764876081402
[debug] [2025-12-04T18:21:52.067Z] Checked if tokens are valid: true, expires at: 1764876081402
[debug] [2025-12-04T18:21:52.067Z] >>> [apiv2][query] GET https://cloudfunctions.googleapis.com/v1/operations/YmlndmliZXN0dWRpb3MtYjk4MzkvdXMtY2VudHJhbDEvb25Ib3N0Q29tbWVudC96ZnE2aHdzUDlJOA [none]
[debug] [2025-12-04T18:21:52.313Z] <<< [apiv2][status] GET https://cloudfunctions.googleapis.com/v1/operations/YmlndmliZXN0dWRpb3MtYjk4MzkvdXMtY2VudHJhbDEvb25Ib3N0Q29tbWVudC96ZnE2aHdzUDlJOA 200
[debug] [2025-12-04T18:21:52.313Z] <<< [apiv2][body] GET https://cloudfunctions.googleapis.com/v1/operations/YmlndmliZXN0dWRpb3MtYjk4MzkvdXMtY2VudHJhbDEvb25Ib3N0Q29tbWVudC96ZnE2aHdzUDlJOA {"name":"operations/YmlndmliZXN0dWRpb3MtYjk4MzkvdXMtY2VudHJhbDEvb25Ib3N0Q29tbWVudC96ZnE2aHdzUDlJOA","metadata":{"@type":"type.googleapis.com/google.cloud.functions.v1.OperationMetadataV1","target":"projects/bigvibestudios-b9839/locations/us-central1/functions/onHostComment","type":"UPDATE_FUNCTION","request":{"@type":"type.googleapis.com/google.cloud.functions.v1.CloudFunction","name":"projects/bigvibestudios-b9839/locations/us-central1/functions/onHostComment","eventTrigger":{"eventType":"providers/cloud.firestore/eventTypes/document.create","resource":"projects/bigvibestudios-b9839/databases/(default)/documents/studios/{studioId}/events/{eventId}/comments/{commentId}","service":"firestore.googleapis.com"},"status":"ACTIVE","entryPoint":"onHostComment","updateTime":"2025-10-23T03:24:05.431Z","versionId":"25","labels":{"deployment-tool":"cli-firebase","firebase-functions-hash":"6c826f85f67552855e870ca66665a78e0b219a9b"},"sourceUploadUrl":"https://storage.googleapis.com/uploads-1045849998017.us-central1.cloudfunctions.appspot.com/4d7a274f-f9c2-4e27-a419-645bdc5f92ac.zip?GoogleAccessId=service-824215388091@gcf-admin-robot.iam.gserviceaccount.com&Expires=1764874310&Signature=YaUVMs%2FLvw%2ByfWQOvb8H9tgUAfahkDtBI06rX0CB89dfb6pYkL7V9Ba8MCQxnmvG%2BzwxcVqt5bUnn4nkzB6UBhU3BdamJnKwU3Y4G56kQtBW8mPdjm7vWqfcS2Dl44%2BokStp5lVOpIJchq6euyo7iQpZoZG37u6MWnM0yYKv1K%2Bub1k61gVMG4MbG1ISUg9Cq3W659wQf%2F3lTfEhIYJpwwu5mpq3Hjd2Vx7v85xJKv55X%2By8Q8lKrYMQ0H9%2F%2BukTD9NbSHvcT8wKwaUplLtpujiyM%2BQ443K%2FLXTNoY5BxIBUU6Y8%2B2IMLT%2F5veux1W4IkgLGyfr7k4Y3%2Bt%2FmOAUVcw%3D%3D","environmentVariables":{"FIREBASE_CONFIG":"{\"projectId\":\"bigvibestudios-b9839\",\"storageBucket\":\"bigvibestudios-b9839.firebasestorage.app\"}","GCLOUD_PROJECT":"bigvibestudios-b9839","EVENTARC_CLOUD_EVENT_SOURCE":"projects/bigvibestudios-b9839/locations/us-central1/functions/onHostComment"},"runtime":"nodejs20","buildId":"e6039596-4176-463c-83c7-6f4479dc76ce","buildEnvironmentVariables":{"GOOGLE_NODE_RUN_SCRIPTS":""},"buildName":"projects/824215388091/locations/us-central1/builds/e6039596-4176-463c-83c7-6f4479dc76ce","dockerRegistry":"ARTIFACT_REGISTRY","automaticUpdatePolicy":{},"buildServiceAccount":"projects/bigvibestudios-b9839/serviceAccounts/824215388091-compute@developer.gserviceaccount.com"},"versionId":"26","updateTime":"2025-12-04T18:21:51Z"}}
[debug] [2025-12-04T18:21:53.320Z] [update-default-us-central1-onHostComment] Retrying task index 0
[debug] [2025-12-04T18:21:53.320Z] Checked if tokens are valid: true, expires at: 1764876081402
[debug] [2025-12-04T18:21:53.320Z] Checked if tokens are valid: true, expires at: 1764876081402
[debug] [2025-12-04T18:21:53.320Z] >>> [apiv2][query] GET https://cloudfunctions.googleapis.com/v1/operations/YmlndmliZXN0dWRpb3MtYjk4MzkvdXMtY2VudHJhbDEvb25Ib3N0Q29tbWVudC96ZnE2aHdzUDlJOA [none]
[debug] [2025-12-04T18:21:53.439Z] <<< [apiv2][status] GET https://cloudfunctions.googleapis.com/v1/operations/YmlndmliZXN0dWRpb3MtYjk4MzkvdXMtY2VudHJhbDEvb25Ib3N0Q29tbWVudC96ZnE2aHdzUDlJOA 200
[debug] [2025-12-04T18:21:53.439Z] <<< [apiv2][body] GET https://cloudfunctions.googleapis.com/v1/operations/YmlndmliZXN0dWRpb3MtYjk4MzkvdXMtY2VudHJhbDEvb25Ib3N0Q29tbWVudC96ZnE2aHdzUDlJOA {"name":"operations/YmlndmliZXN0dWRpb3MtYjk4MzkvdXMtY2VudHJhbDEvb25Ib3N0Q29tbWVudC96ZnE2aHdzUDlJOA","metadata":{"@type":"type.googleapis.com/google.cloud.functions.v1.OperationMetadataV1","target":"projects/bigvibestudios-b9839/locations/us-central1/functions/onHostComment","type":"UPDATE_FUNCTION","request":{"@type":"type.googleapis.com/google.cloud.functions.v1.CloudFunction","name":"projects/bigvibestudios-b9839/locations/us-central1/functions/onHostComment","eventTrigger":{"eventType":"providers/cloud.firestore/eventTypes/document.create","resource":"projects/bigvibestudios-b9839/databases/(default)/documents/studios/{studioId}/events/{eventId}/comments/{commentId}","service":"firestore.googleapis.com"},"status":"ACTIVE","entryPoint":"onHostComment","updateTime":"2025-10-23T03:24:05.431Z","versionId":"25","labels":{"deployment-tool":"cli-firebase","firebase-functions-hash":"6c826f85f67552855e870ca66665a78e0b219a9b"},"sourceUploadUrl":"https://storage.googleapis.com/uploads-1045849998017.us-central1.cloudfunctions.appspot.com/4d7a274f-f9c2-4e27-a419-645bdc5f92ac.zip?GoogleAccessId=service-824215388091@gcf-admin-robot.iam.gserviceaccount.com&Expires=1764874310&Signature=YaUVMs%2FLvw%2ByfWQOvb8H9tgUAfahkDtBI06rX0CB89dfb6pYkL7V9Ba8MCQxnmvG%2BzwxcVqt5bUnn4nkzB6UBhU3BdamJnKwU3Y4G56kQtBW8mPdjm7vWqfcS2Dl44%2BokStp5lVOpIJchq6euyo7iQpZoZG37u6MWnM0yYKv1K%2Bub1k61gVMG4MbG1ISUg9Cq3W659wQf%2F3lTfEhIYJpwwu5mpq3Hjd2Vx7v85xJKv55X%2By8Q8lKrYMQ0H9%2F%2BukTD9NbSHvcT8wKwaUplLtpujiyM%2BQ443K%2FLXTNoY5BxIBUU6Y8%2B2IMLT%2F5veux1W4IkgLGyfr7k4Y3%2Bt%2FmOAUVcw%3D%3D","environmentVariables":{"FIREBASE_CONFIG":"{\"projectId\":\"bigvibestudios-b9839\",\"storageBucket\":\"bigvibestudios-b9839.firebasestorage.app\"}","GCLOUD_PROJECT":"bigvibestudios-b9839","EVENTARC_CLOUD_EVENT_SOURCE":"projects/bigvibestudios-b9839/locations/us-central1/functions/onHostComment"},"runtime":"nodejs20","buildId":"e6039596-4176-463c-83c7-6f4479dc76ce","buildEnvironmentVariables":{"GOOGLE_NODE_RUN_SCRIPTS":""},"buildName":"projects/824215388091/locations/us-central1/builds/e6039596-4176-463c-83c7-6f4479dc76ce","dockerRegistry":"ARTIFACT_REGISTRY","automaticUpdatePolicy":{},"buildServiceAccount":"projects/bigvibestudios-b9839/serviceAccounts/824215388091-compute@developer.gserviceaccount.com"},"versionId":"26","updateTime":"2025-12-04T18:21:51Z","buildId":"2023c776-e27b-468c-a7e3-ec11ac74daf5","buildName":"projects/824215388091/locations/us-central1/builds/2023c776-e27b-468c-a7e3-ec11ac74daf5"}}
[debug] [2025-12-04T18:21:55.444Z] [update-default-us-central1-onHostComment] Retrying task index 0
[debug] [2025-12-04T18:21:55.444Z] Checked if tokens are valid: true, expires at: 1764876081402
[debug] [2025-12-04T18:21:55.444Z] Checked if tokens are valid: true, expires at: 1764876081402
[debug] [2025-12-04T18:21:55.444Z] >>> [apiv2][query] GET https://cloudfunctions.googleapis.com/v1/operations/YmlndmliZXN0dWRpb3MtYjk4MzkvdXMtY2VudHJhbDEvb25Ib3N0Q29tbWVudC96ZnE2aHdzUDlJOA [none]
[debug] [2025-12-04T18:21:55.685Z] <<< [apiv2][status] GET https://cloudfunctions.googleapis.com/v1/operations/YmlndmliZXN0dWRpb3MtYjk4MzkvdXMtY2VudHJhbDEvb25Ib3N0Q29tbWVudC96ZnE2aHdzUDlJOA 200
[debug] [2025-12-04T18:21:55.686Z] <<< [apiv2][body] GET https://cloudfunctions.googleapis.com/v1/operations/YmlndmliZXN0dWRpb3MtYjk4MzkvdXMtY2VudHJhbDEvb25Ib3N0Q29tbWVudC96ZnE2aHdzUDlJOA {"name":"operations/YmlndmliZXN0dWRpb3MtYjk4MzkvdXMtY2VudHJhbDEvb25Ib3N0Q29tbWVudC96ZnE2aHdzUDlJOA","metadata":{"@type":"type.googleapis.com/google.cloud.functions.v1.OperationMetadataV1","target":"projects/bigvibestudios-b9839/locations/us-central1/functions/onHostComment","type":"UPDATE_FUNCTION","request":{"@type":"type.googleapis.com/google.cloud.functions.v1.CloudFunction","name":"projects/bigvibestudios-b9839/locations/us-central1/functions/onHostComment","eventTrigger":{"eventType":"providers/cloud.firestore/eventTypes/document.create","resource":"projects/bigvibestudios-b9839/databases/(default)/documents/studios/{studioId}/events/{eventId}/comments/{commentId}","service":"firestore.googleapis.com"},"status":"ACTIVE","entryPoint":"onHostComment","updateTime":"2025-10-23T03:24:05.431Z","versionId":"25","labels":{"deployment-tool":"cli-firebase","firebase-functions-hash":"6c826f85f67552855e870ca66665a78e0b219a9b"},"sourceUploadUrl":"https://storage.googleapis.com/uploads-1045849998017.us-central1.cloudfunctions.appspot.com/4d7a274f-f9c2-4e27-a419-645bdc5f92ac.zip?GoogleAccessId=service-824215388091@gcf-admin-robot.iam.gserviceaccount.com&Expires=1764874310&Signature=YaUVMs%2FLvw%2ByfWQOvb8H9tgUAfahkDtBI06rX0CB89dfb6pYkL7V9Ba8MCQxnmvG%2BzwxcVqt5bUnn4nkzB6UBhU3BdamJnKwU3Y4G56kQtBW8mPdjm7vWqfcS2Dl44%2BokStp5lVOpIJchq6euyo7iQpZoZG37u6MWnM0yYKv1K%2Bub1k61gVMG4MbG1ISUg9Cq3W659wQf%2F3lTfEhIYJpwwu5mpq3Hjd2Vx7v85xJKv55X%2By8Q8lKrYMQ0H9%2F%2BukTD9NbSHvcT8wKwaUplLtpujiyM%2BQ443K%2FLXTNoY5BxIBUU6Y8%2B2IMLT%2F5veux1W4IkgLGyfr7k4Y3%2Bt%2FmOAUVcw%3D%3D","environmentVariables":{"FIREBASE_CONFIG":"{\"projectId\":\"bigvibestudios-b9839\",\"storageBucket\":\"bigvibestudios-b9839.firebasestorage.app\"}","GCLOUD_PROJECT":"bigvibestudios-b9839","EVENTARC_CLOUD_EVENT_SOURCE":"projects/bigvibestudios-b9839/locations/us-central1/functions/onHostComment"},"runtime":"nodejs20","buildId":"e6039596-4176-463c-83c7-6f4479dc76ce","buildEnvironmentVariables":{"GOOGLE_NODE_RUN_SCRIPTS":""},"buildName":"projects/824215388091/locations/us-central1/builds/e6039596-4176-463c-83c7-6f4479dc76ce","dockerRegistry":"ARTIFACT_REGISTRY","automaticUpdatePolicy":{},"buildServiceAccount":"projects/bigvibestudios-b9839/serviceAccounts/824215388091-compute@developer.gserviceaccount.com"},"versionId":"26","updateTime":"2025-12-04T18:21:51Z","buildId":"2023c776-e27b-468c-a7e3-ec11ac74daf5","buildName":"projects/824215388091/locations/us-central1/builds/2023c776-e27b-468c-a7e3-ec11ac74daf5"}}
[debug] [2025-12-04T18:21:59.693Z] [update-default-us-central1-onHostComment] Retrying task index 0
[debug] [2025-12-04T18:21:59.693Z] Checked if tokens are valid: true, expires at: 1764876081402
[debug] [2025-12-04T18:21:59.693Z] Checked if tokens are valid: true, expires at: 1764876081402
[debug] [2025-12-04T18:21:59.693Z] >>> [apiv2][query] GET https://cloudfunctions.googleapis.com/v1/operations/YmlndmliZXN0dWRpb3MtYjk4MzkvdXMtY2VudHJhbDEvb25Ib3N0Q29tbWVudC96ZnE2aHdzUDlJOA [none]
[debug] [2025-12-04T18:21:59.867Z] <<< [apiv2][status] GET https://cloudfunctions.googleapis.com/v1/operations/YmlndmliZXN0dWRpb3MtYjk4MzkvdXMtY2VudHJhbDEvb25Ib3N0Q29tbWVudC96ZnE2aHdzUDlJOA 200
[debug] [2025-12-04T18:21:59.867Z] <<< [apiv2][body] GET https://cloudfunctions.googleapis.com/v1/operations/YmlndmliZXN0dWRpb3MtYjk4MzkvdXMtY2VudHJhbDEvb25Ib3N0Q29tbWVudC96ZnE2aHdzUDlJOA {"name":"operations/YmlndmliZXN0dWRpb3MtYjk4MzkvdXMtY2VudHJhbDEvb25Ib3N0Q29tbWVudC96ZnE2aHdzUDlJOA","metadata":{"@type":"type.googleapis.com/google.cloud.functions.v1.OperationMetadataV1","target":"projects/bigvibestudios-b9839/locations/us-central1/functions/onHostComment","type":"UPDATE_FUNCTION","request":{"@type":"type.googleapis.com/google.cloud.functions.v1.CloudFunction","name":"projects/bigvibestudios-b9839/locations/us-central1/functions/onHostComment","eventTrigger":{"eventType":"providers/cloud.firestore/eventTypes/document.create","resource":"projects/bigvibestudios-b9839/databases/(default)/documents/studios/{studioId}/events/{eventId}/comments/{commentId}","service":"firestore.googleapis.com"},"status":"ACTIVE","entryPoint":"onHostComment","updateTime":"2025-10-23T03:24:05.431Z","versionId":"25","labels":{"deployment-tool":"cli-firebase","firebase-functions-hash":"6c826f85f67552855e870ca66665a78e0b219a9b"},"sourceUploadUrl":"https://storage.googleapis.com/uploads-1045849998017.us-central1.cloudfunctions.appspot.com/4d7a274f-f9c2-4e27-a419-645bdc5f92ac.zip?GoogleAccessId=service-824215388091@gcf-admin-robot.iam.gserviceaccount.com&Expires=1764874310&Signature=YaUVMs%2FLvw%2ByfWQOvb8H9tgUAfahkDtBI06rX0CB89dfb6pYkL7V9Ba8MCQxnmvG%2BzwxcVqt5bUnn4nkzB6UBhU3BdamJnKwU3Y4G56kQtBW8mPdjm7vWqfcS2Dl44%2BokStp5lVOpIJchq6euyo7iQpZoZG37u6MWnM0yYKv1K%2Bub1k61gVMG4MbG1ISUg9Cq3W659wQf%2F3lTfEhIYJpwwu5mpq3Hjd2Vx7v85xJKv55X%2By8Q8lKrYMQ0H9%2F%2BukTD9NbSHvcT8wKwaUplLtpujiyM%2BQ443K%2FLXTNoY5BxIBUU6Y8%2B2IMLT%2F5veux1W4IkgLGyfr7k4Y3%2Bt%2FmOAUVcw%3D%3D","environmentVariables":{"FIREBASE_CONFIG":"{\"projectId\":\"bigvibestudios-b9839\",\"storageBucket\":\"bigvibestudios-b9839.firebasestorage.app\"}","GCLOUD_PROJECT":"bigvibestudios-b9839","EVENTARC_CLOUD_EVENT_SOURCE":"projects/bigvibestudios-b9839/locations/us-central1/functions/onHostComment"},"runtime":"nodejs20","buildId":"e6039596-4176-463c-83c7-6f4479dc76ce","buildEnvironmentVariables":{"GOOGLE_NODE_RUN_SCRIPTS":""},"buildName":"projects/824215388091/locations/us-central1/builds/e6039596-4176-463c-83c7-6f4479dc76ce","dockerRegistry":"ARTIFACT_REGISTRY","automaticUpdatePolicy":{},"buildServiceAccount":"projects/bigvibestudios-b9839/serviceAccounts/824215388091-compute@developer.gserviceaccount.com"},"versionId":"26","updateTime":"2025-12-04T18:21:51Z","buildId":"2023c776-e27b-468c-a7e3-ec11ac74daf5","buildName":"projects/824215388091/locations/us-central1/builds/2023c776-e27b-468c-a7e3-ec11ac74daf5"}}
[debug] [2025-12-04T18:22:07.875Z] [update-default-us-central1-onHostComment] Retrying task index 0
[debug] [2025-12-04T18:22:07.876Z] Checked if tokens are valid: true, expires at: 1764876081402
[debug] [2025-12-04T18:22:07.876Z] Checked if tokens are valid: true, expires at: 1764876081402
[debug] [2025-12-04T18:22:07.876Z] >>> [apiv2][query] GET https://cloudfunctions.googleapis.com/v1/operations/YmlndmliZXN0dWRpb3MtYjk4MzkvdXMtY2VudHJhbDEvb25Ib3N0Q29tbWVudC96ZnE2aHdzUDlJOA [none]
[debug] [2025-12-04T18:22:07.974Z] <<< [apiv2][status] GET https://cloudfunctions.googleapis.com/v1/operations/YmlndmliZXN0dWRpb3MtYjk4MzkvdXMtY2VudHJhbDEvb25Ib3N0Q29tbWVudC96ZnE2aHdzUDlJOA 200
[debug] [2025-12-04T18:22:07.974Z] <<< [apiv2][body] GET https://cloudfunctions.googleapis.com/v1/operations/YmlndmliZXN0dWRpb3MtYjk4MzkvdXMtY2VudHJhbDEvb25Ib3N0Q29tbWVudC96ZnE2aHdzUDlJOA {"name":"operations/YmlndmliZXN0dWRpb3MtYjk4MzkvdXMtY2VudHJhbDEvb25Ib3N0Q29tbWVudC96ZnE2aHdzUDlJOA","metadata":{"@type":"type.googleapis.com/google.cloud.functions.v1.OperationMetadataV1","target":"projects/bigvibestudios-b9839/locations/us-central1/functions/onHostComment","type":"UPDATE_FUNCTION","request":{"@type":"type.googleapis.com/google.cloud.functions.v1.CloudFunction","name":"projects/bigvibestudios-b9839/locations/us-central1/functions/onHostComment","eventTrigger":{"eventType":"providers/cloud.firestore/eventTypes/document.create","resource":"projects/bigvibestudios-b9839/databases/(default)/documents/studios/{studioId}/events/{eventId}/comments/{commentId}","service":"firestore.googleapis.com"},"status":"ACTIVE","entryPoint":"onHostComment","updateTime":"2025-10-23T03:24:05.431Z","versionId":"25","labels":{"deployment-tool":"cli-firebase","firebase-functions-hash":"6c826f85f67552855e870ca66665a78e0b219a9b"},"sourceUploadUrl":"https://storage.googleapis.com/uploads-1045849998017.us-central1.cloudfunctions.appspot.com/4d7a274f-f9c2-4e27-a419-645bdc5f92ac.zip?GoogleAccessId=service-824215388091@gcf-admin-robot.iam.gserviceaccount.com&Expires=1764874310&Signature=YaUVMs%2FLvw%2ByfWQOvb8H9tgUAfahkDtBI06rX0CB89dfb6pYkL7V9Ba8MCQxnmvG%2BzwxcVqt5bUnn4nkzB6UBhU3BdamJnKwU3Y4G56kQtBW8mPdjm7vWqfcS2Dl44%2BokStp5lVOpIJchq6euyo7iQpZoZG37u6MWnM0yYKv1K%2Bub1k61gVMG4MbG1ISUg9Cq3W659wQf%2F3lTfEhIYJpwwu5mpq3Hjd2Vx7v85xJKv55X%2By8Q8lKrYMQ0H9%2F%2BukTD9NbSHvcT8wKwaUplLtpujiyM%2BQ443K%2FLXTNoY5BxIBUU6Y8%2B2IMLT%2F5veux1W4IkgLGyfr7k4Y3%2Bt%2FmOAUVcw%3D%3D","environmentVariables":{"FIREBASE_CONFIG":"{\"projectId\":\"bigvibestudios-b9839\",\"storageBucket\":\"bigvibestudios-b9839.firebasestorage.app\"}","GCLOUD_PROJECT":"bigvibestudios-b9839","EVENTARC_CLOUD_EVENT_SOURCE":"projects/bigvibestudios-b9839/locations/us-central1/functions/onHostComment"},"runtime":"nodejs20","buildId":"e6039596-4176-463c-83c7-6f4479dc76ce","buildEnvironmentVariables":{"GOOGLE_NODE_RUN_SCRIPTS":""},"buildName":"projects/824215388091/locations/us-central1/builds/e6039596-4176-463c-83c7-6f4479dc76ce","dockerRegistry":"ARTIFACT_REGISTRY","automaticUpdatePolicy":{},"buildServiceAccount":"projects/bigvibestudios-b9839/serviceAccounts/824215388091-compute@developer.gserviceaccount.com"},"versionId":"26","updateTime":"2025-12-04T18:21:51Z","buildId":"2023c776-e27b-468c-a7e3-ec11ac74daf5","buildName":"projects/824215388091/locations/us-central1/builds/2023c776-e27b-468c-a7e3-ec11ac74daf5"}}
[debug] [2025-12-04T18:22:17.988Z] [update-default-us-central1-onHostComment] Retrying task index 0
[debug] [2025-12-04T18:22:17.988Z] Checked if tokens are valid: true, expires at: 1764876081402
[debug] [2025-12-04T18:22:17.988Z] Checked if tokens are valid: true, expires at: 1764876081402
[debug] [2025-12-04T18:22:17.988Z] >>> [apiv2][query] GET https://cloudfunctions.googleapis.com/v1/operations/YmlndmliZXN0dWRpb3MtYjk4MzkvdXMtY2VudHJhbDEvb25Ib3N0Q29tbWVudC96ZnE2aHdzUDlJOA [none]
[debug] [2025-12-04T18:22:18.223Z] <<< [apiv2][status] GET https://cloudfunctions.googleapis.com/v1/operations/YmlndmliZXN0dWRpb3MtYjk4MzkvdXMtY2VudHJhbDEvb25Ib3N0Q29tbWVudC96ZnE2aHdzUDlJOA 200
[debug] [2025-12-04T18:22:18.223Z] <<< [apiv2][body] GET https://cloudfunctions.googleapis.com/v1/operations/YmlndmliZXN0dWRpb3MtYjk4MzkvdXMtY2VudHJhbDEvb25Ib3N0Q29tbWVudC96ZnE2aHdzUDlJOA {"name":"operations/YmlndmliZXN0dWRpb3MtYjk4MzkvdXMtY2VudHJhbDEvb25Ib3N0Q29tbWVudC96ZnE2aHdzUDlJOA","metadata":{"@type":"type.googleapis.com/google.cloud.functions.v1.OperationMetadataV1","target":"projects/bigvibestudios-b9839/locations/us-central1/functions/onHostComment","type":"UPDATE_FUNCTION","request":{"@type":"type.googleapis.com/google.cloud.functions.v1.CloudFunction","name":"projects/bigvibestudios-b9839/locations/us-central1/functions/onHostComment","eventTrigger":{"eventType":"providers/cloud.firestore/eventTypes/document.create","resource":"projects/bigvibestudios-b9839/databases/(default)/documents/studios/{studioId}/events/{eventId}/comments/{commentId}","service":"firestore.googleapis.com"},"status":"ACTIVE","entryPoint":"onHostComment","updateTime":"2025-10-23T03:24:05.431Z","versionId":"25","labels":{"deployment-tool":"cli-firebase","firebase-functions-hash":"6c826f85f67552855e870ca66665a78e0b219a9b"},"sourceUploadUrl":"https://storage.googleapis.com/uploads-1045849998017.us-central1.cloudfunctions.appspot.com/4d7a274f-f9c2-4e27-a419-645bdc5f92ac.zip?GoogleAccessId=service-824215388091@gcf-admin-robot.iam.gserviceaccount.com&Expires=1764874310&Signature=YaUVMs%2FLvw%2ByfWQOvb8H9tgUAfahkDtBI06rX0CB89dfb6pYkL7V9Ba8MCQxnmvG%2BzwxcVqt5bUnn4nkzB6UBhU3BdamJnKwU3Y4G56kQtBW8mPdjm7vWqfcS2Dl44%2BokStp5lVOpIJchq6euyo7iQpZoZG37u6MWnM0yYKv1K%2Bub1k61gVMG4MbG1ISUg9Cq3W659wQf%2F3lTfEhIYJpwwu5mpq3Hjd2Vx7v85xJKv55X%2By8Q8lKrYMQ0H9%2F%2BukTD9NbSHvcT8wKwaUplLtpujiyM%2BQ443K%2FLXTNoY5BxIBUU6Y8%2B2IMLT%2F5veux1W4IkgLGyfr7k4Y3%2Bt%2FmOAUVcw%3D%3D","environmentVariables":{"FIREBASE_CONFIG":"{\"projectId\":\"bigvibestudios-b9839\",\"storageBucket\":\"bigvibestudios-b9839.firebasestorage.app\"}","GCLOUD_PROJECT":"bigvibestudios-b9839","EVENTARC_CLOUD_EVENT_SOURCE":"projects/bigvibestudios-b9839/locations/us-central1/functions/onHostComment"},"runtime":"nodejs20","buildId":"e6039596-4176-463c-83c7-6f4479dc76ce","buildEnvironmentVariables":{"GOOGLE_NODE_RUN_SCRIPTS":""},"buildName":"projects/824215388091/locations/us-central1/builds/e6039596-4176-463c-83c7-6f4479dc76ce","dockerRegistry":"ARTIFACT_REGISTRY","automaticUpdatePolicy":{},"buildServiceAccount":"projects/bigvibestudios-b9839/serviceAccounts/824215388091-compute@developer.gserviceaccount.com"},"versionId":"26","updateTime":"2025-12-04T18:21:51Z","buildId":"2023c776-e27b-468c-a7e3-ec11ac74daf5","buildName":"projects/824215388091/locations/us-central1/builds/2023c776-e27b-468c-a7e3-ec11ac74daf5"}}
[debug] [2025-12-04T18:22:28.230Z] [update-default-us-central1-onHostComment] Retrying task index 0
[debug] [2025-12-04T18:22:28.231Z] Checked if tokens are valid: true, expires at: 1764876081402
[debug] [2025-12-04T18:22:28.231Z] Checked if tokens are valid: true, expires at: 1764876081402
[debug] [2025-12-04T18:22:28.231Z] >>> [apiv2][query] GET https://cloudfunctions.googleapis.com/v1/operations/YmlndmliZXN0dWRpb3MtYjk4MzkvdXMtY2VudHJhbDEvb25Ib3N0Q29tbWVudC96ZnE2aHdzUDlJOA [none]
[debug] [2025-12-04T18:22:28.460Z] <<< [apiv2][status] GET https://cloudfunctions.googleapis.com/v1/operations/YmlndmliZXN0dWRpb3MtYjk4MzkvdXMtY2VudHJhbDEvb25Ib3N0Q29tbWVudC96ZnE2aHdzUDlJOA 200
[debug] [2025-12-04T18:22:28.460Z] <<< [apiv2][body] GET https://cloudfunctions.googleapis.com/v1/operations/YmlndmliZXN0dWRpb3MtYjk4MzkvdXMtY2VudHJhbDEvb25Ib3N0Q29tbWVudC96ZnE2aHdzUDlJOA {"name":"operations/YmlndmliZXN0dWRpb3MtYjk4MzkvdXMtY2VudHJhbDEvb25Ib3N0Q29tbWVudC96ZnE2aHdzUDlJOA","metadata":{"@type":"type.googleapis.com/google.cloud.functions.v1.OperationMetadataV1","target":"projects/bigvibestudios-b9839/locations/us-central1/functions/onHostComment","type":"UPDATE_FUNCTION","request":{"@type":"type.googleapis.com/google.cloud.functions.v1.CloudFunction","name":"projects/bigvibestudios-b9839/locations/us-central1/functions/onHostComment","eventTrigger":{"eventType":"providers/cloud.firestore/eventTypes/document.create","resource":"projects/bigvibestudios-b9839/databases/(default)/documents/studios/{studioId}/events/{eventId}/comments/{commentId}","service":"firestore.googleapis.com"},"status":"ACTIVE","entryPoint":"onHostComment","updateTime":"2025-10-23T03:24:05.431Z","versionId":"25","labels":{"deployment-tool":"cli-firebase","firebase-functions-hash":"6c826f85f67552855e870ca66665a78e0b219a9b"},"sourceUploadUrl":"https://storage.googleapis.com/uploads-1045849998017.us-central1.cloudfunctions.appspot.com/4d7a274f-f9c2-4e27-a419-645bdc5f92ac.zip?GoogleAccessId=service-824215388091@gcf-admin-robot.iam.gserviceaccount.com&Expires=1764874310&Signature=YaUVMs%2FLvw%2ByfWQOvb8H9tgUAfahkDtBI06rX0CB89dfb6pYkL7V9Ba8MCQxnmvG%2BzwxcVqt5bUnn4nkzB6UBhU3BdamJnKwU3Y4G56kQtBW8mPdjm7vWqfcS2Dl44%2BokStp5lVOpIJchq6euyo7iQpZoZG37u6MWnM0yYKv1K%2Bub1k61gVMG4MbG1ISUg9Cq3W659wQf%2F3lTfEhIYJpwwu5mpq3Hjd2Vx7v85xJKv55X%2By8Q8lKrYMQ0H9%2F%2BukTD9NbSHvcT8wKwaUplLtpujiyM%2BQ443K%2FLXTNoY5BxIBUU6Y8%2B2IMLT%2F5veux1W4IkgLGyfr7k4Y3%2Bt%2FmOAUVcw%3D%3D","environmentVariables":{"FIREBASE_CONFIG":"{\"projectId\":\"bigvibestudios-b9839\",\"storageBucket\":\"bigvibestudios-b9839.firebasestorage.app\"}","GCLOUD_PROJECT":"bigvibestudios-b9839","EVENTARC_CLOUD_EVENT_SOURCE":"projects/bigvibestudios-b9839/locations/us-central1/functions/onHostComment"},"runtime":"nodejs20","buildId":"e6039596-4176-463c-83c7-6f4479dc76ce","buildEnvironmentVariables":{"GOOGLE_NODE_RUN_SCRIPTS":""},"buildName":"projects/824215388091/locations/us-central1/builds/e6039596-4176-463c-83c7-6f4479dc76ce","dockerRegistry":"ARTIFACT_REGISTRY","automaticUpdatePolicy":{},"buildServiceAccount":"projects/bigvibestudios-b9839/serviceAccounts/824215388091-compute@developer.gserviceaccount.com"},"versionId":"26","updateTime":"2025-12-04T18:21:51Z","buildId":"2023c776-e27b-468c-a7e3-ec11ac74daf5","buildName":"projects/824215388091/locations/us-central1/builds/2023c776-e27b-468c-a7e3-ec11ac74daf5"}}
[debug] [2025-12-04T18:22:38.468Z] [update-default-us-central1-onHostComment] Retrying task index 0
[debug] [2025-12-04T18:22:38.468Z] Checked if tokens are valid: true, expires at: 1764876081402
[debug] [2025-12-04T18:22:38.468Z] Checked if tokens are valid: true, expires at: 1764876081402
[debug] [2025-12-04T18:22:38.468Z] >>> [apiv2][query] GET https://cloudfunctions.googleapis.com/v1/operations/YmlndmliZXN0dWRpb3MtYjk4MzkvdXMtY2VudHJhbDEvb25Ib3N0Q29tbWVudC96ZnE2aHdzUDlJOA [none]
[debug] [2025-12-04T18:22:38.692Z] <<< [apiv2][status] GET https://cloudfunctions.googleapis.com/v1/operations/YmlndmliZXN0dWRpb3MtYjk4MzkvdXMtY2VudHJhbDEvb25Ib3N0Q29tbWVudC96ZnE2aHdzUDlJOA 200
[debug] [2025-12-04T18:22:38.692Z] <<< [apiv2][body] GET https://cloudfunctions.googleapis.com/v1/operations/YmlndmliZXN0dWRpb3MtYjk4MzkvdXMtY2VudHJhbDEvb25Ib3N0Q29tbWVudC96ZnE2aHdzUDlJOA {"name":"operations/YmlndmliZXN0dWRpb3MtYjk4MzkvdXMtY2VudHJhbDEvb25Ib3N0Q29tbWVudC96ZnE2aHdzUDlJOA","metadata":{"@type":"type.googleapis.com/google.cloud.functions.v1.OperationMetadataV1","target":"projects/bigvibestudios-b9839/locations/us-central1/functions/onHostComment","type":"UPDATE_FUNCTION","request":{"@type":"type.googleapis.com/google.cloud.functions.v1.CloudFunction","name":"projects/bigvibestudios-b9839/locations/us-central1/functions/onHostComment","eventTrigger":{"eventType":"providers/cloud.firestore/eventTypes/document.create","resource":"projects/bigvibestudios-b9839/databases/(default)/documents/studios/{studioId}/events/{eventId}/comments/{commentId}","service":"firestore.googleapis.com"},"status":"ACTIVE","entryPoint":"onHostComment","updateTime":"2025-10-23T03:24:05.431Z","versionId":"25","labels":{"deployment-tool":"cli-firebase","firebase-functions-hash":"6c826f85f67552855e870ca66665a78e0b219a9b"},"sourceUploadUrl":"https://storage.googleapis.com/uploads-1045849998017.us-central1.cloudfunctions.appspot.com/4d7a274f-f9c2-4e27-a419-645bdc5f92ac.zip?GoogleAccessId=service-824215388091@gcf-admin-robot.iam.gserviceaccount.com&Expires=1764874310&Signature=YaUVMs%2FLvw%2ByfWQOvb8H9tgUAfahkDtBI06rX0CB89dfb6pYkL7V9Ba8MCQxnmvG%2BzwxcVqt5bUnn4nkzB6UBhU3BdamJnKwU3Y4G56kQtBW8mPdjm7vWqfcS2Dl44%2BokStp5lVOpIJchq6euyo7iQpZoZG37u6MWnM0yYKv1K%2Bub1k61gVMG4MbG1ISUg9Cq3W659wQf%2F3lTfEhIYJpwwu5mpq3Hjd2Vx7v85xJKv55X%2By8Q8lKrYMQ0H9%2F%2BukTD9NbSHvcT8wKwaUplLtpujiyM%2BQ443K%2FLXTNoY5BxIBUU6Y8%2B2IMLT%2F5veux1W4IkgLGyfr7k4Y3%2Bt%2FmOAUVcw%3D%3D","environmentVariables":{"FIREBASE_CONFIG":"{\"projectId\":\"bigvibestudios-b9839\",\"storageBucket\":\"bigvibestudios-b9839.firebasestorage.app\"}","GCLOUD_PROJECT":"bigvibestudios-b9839","EVENTARC_CLOUD_EVENT_SOURCE":"projects/bigvibestudios-b9839/locations/us-central1/functions/onHostComment"},"runtime":"nodejs20","buildId":"e6039596-4176-463c-83c7-6f4479dc76ce","buildEnvironmentVariables":{"GOOGLE_NODE_RUN_SCRIPTS":""},"buildName":"projects/824215388091/locations/us-central1/builds/e6039596-4176-463c-83c7-6f4479dc76ce","dockerRegistry":"ARTIFACT_REGISTRY","automaticUpdatePolicy":{},"buildServiceAccount":"projects/bigvibestudios-b9839/serviceAccounts/824215388091-compute@developer.gserviceaccount.com"},"versionId":"26","updateTime":"2025-12-04T18:21:51Z","buildId":"2023c776-e27b-468c-a7e3-ec11ac74daf5","buildName":"projects/824215388091/locations/us-central1/builds/2023c776-e27b-468c-a7e3-ec11ac74daf5"}}
[debug] [2025-12-04T18:22:48.696Z] [update-default-us-central1-onHostComment] Retrying task index 0
[debug] [2025-12-04T18:22:48.696Z] Checked if tokens are valid: true, expires at: 1764876081402
[debug] [2025-12-04T18:22:48.696Z] Checked if tokens are valid: true, expires at: 1764876081402
[debug] [2025-12-04T18:22:48.696Z] >>> [apiv2][query] GET https://cloudfunctions.googleapis.com/v1/operations/YmlndmliZXN0dWRpb3MtYjk4MzkvdXMtY2VudHJhbDEvb25Ib3N0Q29tbWVudC96ZnE2aHdzUDlJOA [none]
[debug] [2025-12-04T18:22:48.910Z] <<< [apiv2][status] GET https://cloudfunctions.googleapis.com/v1/operations/YmlndmliZXN0dWRpb3MtYjk4MzkvdXMtY2VudHJhbDEvb25Ib3N0Q29tbWVudC96ZnE2aHdzUDlJOA 200
[debug] [2025-12-04T18:22:48.910Z] <<< [apiv2][body] GET https://cloudfunctions.googleapis.com/v1/operations/YmlndmliZXN0dWRpb3MtYjk4MzkvdXMtY2VudHJhbDEvb25Ib3N0Q29tbWVudC96ZnE2aHdzUDlJOA {"name":"operations/YmlndmliZXN0dWRpb3MtYjk4MzkvdXMtY2VudHJhbDEvb25Ib3N0Q29tbWVudC96ZnE2aHdzUDlJOA","metadata":{"@type":"type.googleapis.com/google.cloud.functions.v1.OperationMetadataV1","target":"projects/bigvibestudios-b9839/locations/us-central1/functions/onHostComment","type":"UPDATE_FUNCTION","request":{"@type":"type.googleapis.com/google.cloud.functions.v1.CloudFunction","name":"projects/bigvibestudios-b9839/locations/us-central1/functions/onHostComment","eventTrigger":{"eventType":"providers/cloud.firestore/eventTypes/document.create","resource":"projects/bigvibestudios-b9839/databases/(default)/documents/studios/{studioId}/events/{eventId}/comments/{commentId}","service":"firestore.googleapis.com"},"status":"ACTIVE","entryPoint":"onHostComment","updateTime":"2025-10-23T03:24:05.431Z","versionId":"25","labels":{"deployment-tool":"cli-firebase","firebase-functions-hash":"6c826f85f67552855e870ca66665a78e0b219a9b"},"sourceUploadUrl":"https://storage.googleapis.com/uploads-1045849998017.us-central1.cloudfunctions.appspot.com/4d7a274f-f9c2-4e27-a419-645bdc5f92ac.zip?GoogleAccessId=service-824215388091@gcf-admin-robot.iam.gserviceaccount.com&Expires=1764874310&Signature=YaUVMs%2FLvw%2ByfWQOvb8H9tgUAfahkDtBI06rX0CB89dfb6pYkL7V9Ba8MCQxnmvG%2BzwxcVqt5bUnn4nkzB6UBhU3BdamJnKwU3Y4G56kQtBW8mPdjm7vWqfcS2Dl44%2BokStp5lVOpIJchq6euyo7iQpZoZG37u6MWnM0yYKv1K%2Bub1k61gVMG4MbG1ISUg9Cq3W659wQf%2F3lTfEhIYJpwwu5mpq3Hjd2Vx7v85xJKv55X%2By8Q8lKrYMQ0H9%2F%2BukTD9NbSHvcT8wKwaUplLtpujiyM%2BQ443K%2FLXTNoY5BxIBUU6Y8%2B2IMLT%2F5veux1W4IkgLGyfr7k4Y3%2Bt%2FmOAUVcw%3D%3D","environmentVariables":{"FIREBASE_CONFIG":"{\"projectId\":\"bigvibestudios-b9839\",\"storageBucket\":\"bigvibestudios-b9839.firebasestorage.app\"}","GCLOUD_PROJECT":"bigvibestudios-b9839","EVENTARC_CLOUD_EVENT_SOURCE":"projects/bigvibestudios-b9839/locations/us-central1/functions/onHostComment"},"runtime":"nodejs20","buildId":"e6039596-4176-463c-83c7-6f4479dc76ce","buildEnvironmentVariables":{"GOOGLE_NODE_RUN_SCRIPTS":""},"buildName":"projects/824215388091/locations/us-central1/builds/e6039596-4176-463c-83c7-6f4479dc76ce","dockerRegistry":"ARTIFACT_REGISTRY","automaticUpdatePolicy":{},"buildServiceAccount":"projects/bigvibestudios-b9839/serviceAccounts/824215388091-compute@developer.gserviceaccount.com"},"versionId":"26","updateTime":"2025-12-04T18:21:51Z","buildId":"2023c776-e27b-468c-a7e3-ec11ac74daf5","sourceToken":"023ce375-ffb4-4f5c-943c-86f2c58299ba","buildName":"projects/824215388091/locations/us-central1/builds/2023c776-e27b-468c-a7e3-ec11ac74daf5"}}
[debug] [2025-12-04T18:22:48.910Z] Got source token 023ce375-ffb4-4f5c-943c-86f2c58299ba for region us-central1
[debug] [2025-12-04T18:22:48.911Z] Checked if tokens are valid: true, expires at: 1764876081402
[debug] [2025-12-04T18:22:48.911Z] Checked if tokens are valid: true, expires at: 1764876081402
[debug] [2025-12-04T18:22:48.911Z] >>> [apiv2][query] PATCH https://cloudfunctions.googleapis.com/v1/projects/bigvibestudios-b9839/locations/us-central1/functions/onGuestComment updateMask=name%2CsourceUploadUrl%2CentryPoint%2Cruntime%2CdockerRegistry%2Clabels%2CeventTrigger.eventType%2CeventTrigger.resource%2CeventTrigger.failurePolicy%2CminInstances%2CmaxInstances%2CingressSettings%2CenvironmentVariables%2CserviceAccountEmail%2CavailableMemoryMb%2Ctimeout%2CvpcConnector%2CvpcConnectorEgressSettings%2CsourceToken%2CbuildEnvironmentVariables
[debug] [2025-12-04T18:22:48.911Z] >>> [apiv2][body] PATCH https://cloudfunctions.googleapis.com/v1/projects/bigvibestudios-b9839/locations/us-central1/functions/onGuestComment {"name":"projects/bigvibestudios-b9839/locations/us-central1/functions/onGuestComment","sourceUploadUrl":"https://storage.googleapis.com/uploads-1045849998017.us-central1.cloudfunctions.appspot.com/4d7a274f-f9c2-4e27-a419-645bdc5f92ac.zip?GoogleAccessId=service-824215388091@gcf-admin-robot.iam.gserviceaccount.com&Expires=1764874310&Signature=YaUVMs%2FLvw%2ByfWQOvb8H9tgUAfahkDtBI06rX0CB89dfb6pYkL7V9Ba8MCQxnmvG%2BzwxcVqt5bUnn4nkzB6UBhU3BdamJnKwU3Y4G56kQtBW8mPdjm7vWqfcS2Dl44%2BokStp5lVOpIJchq6euyo7iQpZoZG37u6MWnM0yYKv1K%2Bub1k61gVMG4MbG1ISUg9Cq3W659wQf%2F3lTfEhIYJpwwu5mpq3Hjd2Vx7v85xJKv55X%2By8Q8lKrYMQ0H9%2F%2BukTD9NbSHvcT8wKwaUplLtpujiyM%2BQ443K%2FLXTNoY5BxIBUU6Y8%2B2IMLT%2F5veux1W4IkgLGyfr7k4Y3%2Bt%2FmOAUVcw%3D%3D","entryPoint":"onGuestComment","runtime":"nodejs20","dockerRegistry":"ARTIFACT_REGISTRY","labels":{"deployment-tool":"cli-firebase","firebase-functions-hash":"6c826f85f67552855e870ca66665a78e0b219a9b"},"eventTrigger":{"eventType":"providers/cloud.firestore/eventTypes/document.create","resource":"projects/bigvibestudios-b9839/databases/(default)/documents/studios/{studioId}/events/{eventId}/comments/{commentId}"},"minInstances":null,"maxInstances":null,"ingressSettings":null,"environmentVariables":{"FIREBASE_CONFIG":"{\"projectId\":\"bigvibestudios-b9839\",\"storageBucket\":\"bigvibestudios-b9839.firebasestorage.app\"}","GCLOUD_PROJECT":"bigvibestudios-b9839","EVENTARC_CLOUD_EVENT_SOURCE":"projects/bigvibestudios-b9839/locations/us-central1/functions/onGuestComment"},"serviceAccountEmail":null,"availableMemoryMb":null,"timeout":null,"vpcConnector":null,"vpcConnectorEgressSettings":null,"sourceToken":"023ce375-ffb4-4f5c-943c-86f2c58299ba","buildEnvironmentVariables":{"GOOGLE_NODE_RUN_SCRIPTS":""}}
[debug] [2025-12-04T18:22:49.453Z] <<< [apiv2][status] PATCH https://cloudfunctions.googleapis.com/v1/projects/bigvibestudios-b9839/locations/us-central1/functions/onGuestComment 200
[debug] [2025-12-04T18:22:49.453Z] <<< [apiv2][body] PATCH https://cloudfunctions.googleapis.com/v1/projects/bigvibestudios-b9839/locations/us-central1/functions/onGuestComment {"name":"operations/YmlndmliZXN0dWRpb3MtYjk4MzkvdXMtY2VudHJhbDEvb25HdWVzdENvbW1lbnQvck1qUEJwNXktbDQ","metadata":{"@type":"type.googleapis.com/google.cloud.functions.v1.OperationMetadataV1","target":"projects/bigvibestudios-b9839/locations/us-central1/functions/onGuestComment","type":"UPDATE_FUNCTION","request":{"@type":"type.googleapis.com/google.cloud.functions.v1.CloudFunction","name":"projects/bigvibestudios-b9839/locations/us-central1/functions/onGuestComment","eventTrigger":{"eventType":"providers/cloud.firestore/eventTypes/document.create","resource":"projects/bigvibestudios-b9839/databases/(default)/documents/studios/{studioId}/events/{eventId}/comments/{commentId}","service":"firestore.googleapis.com"},"status":"ACTIVE","entryPoint":"onGuestComment","updateTime":"2025-10-23T03:23:43.329Z","versionId":"21","labels":{"deployment-tool":"cli-firebase","firebase-functions-hash":"6c826f85f67552855e870ca66665a78e0b219a9b"},"sourceUploadUrl":"https://storage.googleapis.com/uploads-1045849998017.us-central1.cloudfunctions.appspot.com/4d7a274f-f9c2-4e27-a419-645bdc5f92ac.zip?GoogleAccessId=service-824215388091@gcf-admin-robot.iam.gserviceaccount.com&Expires=1764874310&Signature=YaUVMs%2FLvw%2ByfWQOvb8H9tgUAfahkDtBI06rX0CB89dfb6pYkL7V9Ba8MCQxnmvG%2BzwxcVqt5bUnn4nkzB6UBhU3BdamJnKwU3Y4G56kQtBW8mPdjm7vWqfcS2Dl44%2BokStp5lVOpIJchq6euyo7iQpZoZG37u6MWnM0yYKv1K%2Bub1k61gVMG4MbG1ISUg9Cq3W659wQf%2F3lTfEhIYJpwwu5mpq3Hjd2Vx7v85xJKv55X%2By8Q8lKrYMQ0H9%2F%2BukTD9NbSHvcT8wKwaUplLtpujiyM%2BQ443K%2FLXTNoY5BxIBUU6Y8%2B2IMLT%2F5veux1W4IkgLGyfr7k4Y3%2Bt%2FmOAUVcw%3D%3D","environmentVariables":{"FIREBASE_CONFIG":"{\"projectId\":\"bigvibestudios-b9839\",\"storageBucket\":\"bigvibestudios-b9839.firebasestorage.app\"}","GCLOUD_PROJECT":"bigvibestudios-b9839","EVENTARC_CLOUD_EVENT_SOURCE":"projects/bigvibestudios-b9839/locations/us-central1/functions/onGuestComment"},"runtime":"nodejs20","buildId":"e6039596-4176-463c-83c7-6f4479dc76ce","buildEnvironmentVariables":{"GOOGLE_NODE_RUN_SCRIPTS":""},"sourceToken":"023ce375-ffb4-4f5c-943c-86f2c58299ba","buildName":"projects/824215388091/locations/us-central1/builds/e6039596-4176-463c-83c7-6f4479dc76ce","dockerRegistry":"ARTIFACT_REGISTRY","automaticUpdatePolicy":{},"buildServiceAccount":"projects/bigvibestudios-b9839/serviceAccounts/824215388091-compute@developer.gserviceaccount.com"},"versionId":"22","updateTime":"2025-12-04T18:22:49Z","sourceToken":"023ce375-ffb4-4f5c-943c-86f2c58299ba"}}
[debug] [2025-12-04T18:22:49.453Z] Checked if tokens are valid: true, expires at: 1764876081402
[debug] [2025-12-04T18:22:49.453Z] Checked if tokens are valid: true, expires at: 1764876081402
[debug] [2025-12-04T18:22:49.453Z] >>> [apiv2][query] GET https://cloudfunctions.googleapis.com/v1/operations/YmlndmliZXN0dWRpb3MtYjk4MzkvdXMtY2VudHJhbDEvb25HdWVzdENvbW1lbnQvck1qUEJwNXktbDQ [none]
[debug] [2025-12-04T18:22:49.674Z] <<< [apiv2][status] GET https://cloudfunctions.googleapis.com/v1/operations/YmlndmliZXN0dWRpb3MtYjk4MzkvdXMtY2VudHJhbDEvb25HdWVzdENvbW1lbnQvck1qUEJwNXktbDQ 200
[debug] [2025-12-04T18:22:49.674Z] <<< [apiv2][body] GET https://cloudfunctions.googleapis.com/v1/operations/YmlndmliZXN0dWRpb3MtYjk4MzkvdXMtY2VudHJhbDEvb25HdWVzdENvbW1lbnQvck1qUEJwNXktbDQ {"name":"operations/YmlndmliZXN0dWRpb3MtYjk4MzkvdXMtY2VudHJhbDEvb25HdWVzdENvbW1lbnQvck1qUEJwNXktbDQ","metadata":{"@type":"type.googleapis.com/google.cloud.functions.v1.OperationMetadataV1","target":"projects/bigvibestudios-b9839/locations/us-central1/functions/onGuestComment","type":"UPDATE_FUNCTION","request":{"@type":"type.googleapis.com/google.cloud.functions.v1.CloudFunction","name":"projects/bigvibestudios-b9839/locations/us-central1/functions/onGuestComment","eventTrigger":{"eventType":"providers/cloud.firestore/eventTypes/document.create","resource":"projects/bigvibestudios-b9839/databases/(default)/documents/studios/{studioId}/events/{eventId}/comments/{commentId}","service":"firestore.googleapis.com"},"status":"ACTIVE","entryPoint":"onGuestComment","updateTime":"2025-10-23T03:23:43.329Z","versionId":"21","labels":{"deployment-tool":"cli-firebase","firebase-functions-hash":"6c826f85f67552855e870ca66665a78e0b219a9b"},"sourceUploadUrl":"https://storage.googleapis.com/uploads-1045849998017.us-central1.cloudfunctions.appspot.com/4d7a274f-f9c2-4e27-a419-645bdc5f92ac.zip?GoogleAccessId=service-824215388091@gcf-admin-robot.iam.gserviceaccount.com&Expires=1764874310&Signature=YaUVMs%2FLvw%2ByfWQOvb8H9tgUAfahkDtBI06rX0CB89dfb6pYkL7V9Ba8MCQxnmvG%2BzwxcVqt5bUnn4nkzB6UBhU3BdamJnKwU3Y4G56kQtBW8mPdjm7vWqfcS2Dl44%2BokStp5lVOpIJchq6euyo7iQpZoZG37u6MWnM0yYKv1K%2Bub1k61gVMG4MbG1ISUg9Cq3W659wQf%2F3lTfEhIYJpwwu5mpq3Hjd2Vx7v85xJKv55X%2By8Q8lKrYMQ0H9%2F%2BukTD9NbSHvcT8wKwaUplLtpujiyM%2BQ443K%2FLXTNoY5BxIBUU6Y8%2B2IMLT%2F5veux1W4IkgLGyfr7k4Y3%2Bt%2FmOAUVcw%3D%3D","environmentVariables":{"FIREBASE_CONFIG":"{\"projectId\":\"bigvibestudios-b9839\",\"storageBucket\":\"bigvibestudios-b9839.firebasestorage.app\"}","GCLOUD_PROJECT":"bigvibestudios-b9839","EVENTARC_CLOUD_EVENT_SOURCE":"projects/bigvibestudios-b9839/locations/us-central1/functions/onGuestComment"},"runtime":"nodejs20","buildId":"e6039596-4176-463c-83c7-6f4479dc76ce","buildEnvironmentVariables":{"GOOGLE_NODE_RUN_SCRIPTS":""},"sourceToken":"023ce375-ffb4-4f5c-943c-86f2c58299ba","buildName":"projects/824215388091/locations/us-central1/builds/e6039596-4176-463c-83c7-6f4479dc76ce","dockerRegistry":"ARTIFACT_REGISTRY","automaticUpdatePolicy":{},"buildServiceAccount":"projects/bigvibestudios-b9839/serviceAccounts/824215388091-compute@developer.gserviceaccount.com"},"versionId":"22","updateTime":"2025-12-04T18:22:49Z","sourceToken":"023ce375-ffb4-4f5c-943c-86f2c58299ba"}}
[debug] [2025-12-04T18:22:49.674Z] Got source token 023ce375-ffb4-4f5c-943c-86f2c58299ba for region us-central1
[debug] [2025-12-04T18:22:50.177Z] [update-default-us-central1-onGuestComment] Retrying task index 0
[debug] [2025-12-04T18:22:50.177Z] Checked if tokens are valid: true, expires at: 1764876081402
[debug] [2025-12-04T18:22:50.177Z] Checked if tokens are valid: true, expires at: 1764876081402
[debug] [2025-12-04T18:22:50.177Z] >>> [apiv2][query] GET https://cloudfunctions.googleapis.com/v1/operations/YmlndmliZXN0dWRpb3MtYjk4MzkvdXMtY2VudHJhbDEvb25HdWVzdENvbW1lbnQvck1qUEJwNXktbDQ [none]
[debug] [2025-12-04T18:22:50.299Z] <<< [apiv2][status] GET https://cloudfunctions.googleapis.com/v1/operations/YmlndmliZXN0dWRpb3MtYjk4MzkvdXMtY2VudHJhbDEvb25HdWVzdENvbW1lbnQvck1qUEJwNXktbDQ 200
[debug] [2025-12-04T18:22:50.299Z] <<< [apiv2][body] GET https://cloudfunctions.googleapis.com/v1/operations/YmlndmliZXN0dWRpb3MtYjk4MzkvdXMtY2VudHJhbDEvb25HdWVzdENvbW1lbnQvck1qUEJwNXktbDQ {"name":"operations/YmlndmliZXN0dWRpb3MtYjk4MzkvdXMtY2VudHJhbDEvb25HdWVzdENvbW1lbnQvck1qUEJwNXktbDQ","metadata":{"@type":"type.googleapis.com/google.cloud.functions.v1.OperationMetadataV1","target":"projects/bigvibestudios-b9839/locations/us-central1/functions/onGuestComment","type":"UPDATE_FUNCTION","request":{"@type":"type.googleapis.com/google.cloud.functions.v1.CloudFunction","name":"projects/bigvibestudios-b9839/locations/us-central1/functions/onGuestComment","eventTrigger":{"eventType":"providers/cloud.firestore/eventTypes/document.create","resource":"projects/bigvibestudios-b9839/databases/(default)/documents/studios/{studioId}/events/{eventId}/comments/{commentId}","service":"firestore.googleapis.com"},"status":"ACTIVE","entryPoint":"onGuestComment","updateTime":"2025-10-23T03:23:43.329Z","versionId":"21","labels":{"deployment-tool":"cli-firebase","firebase-functions-hash":"6c826f85f67552855e870ca66665a78e0b219a9b"},"sourceUploadUrl":"https://storage.googleapis.com/uploads-1045849998017.us-central1.cloudfunctions.appspot.com/4d7a274f-f9c2-4e27-a419-645bdc5f92ac.zip?GoogleAccessId=service-824215388091@gcf-admin-robot.iam.gserviceaccount.com&Expires=1764874310&Signature=YaUVMs%2FLvw%2ByfWQOvb8H9tgUAfahkDtBI06rX0CB89dfb6pYkL7V9Ba8MCQxnmvG%2BzwxcVqt5bUnn4nkzB6UBhU3BdamJnKwU3Y4G56kQtBW8mPdjm7vWqfcS2Dl44%2BokStp5lVOpIJchq6euyo7iQpZoZG37u6MWnM0yYKv1K%2Bub1k61gVMG4MbG1ISUg9Cq3W659wQf%2F3lTfEhIYJpwwu5mpq3Hjd2Vx7v85xJKv55X%2By8Q8lKrYMQ0H9%2F%2BukTD9NbSHvcT8wKwaUplLtpujiyM%2BQ443K%2FLXTNoY5BxIBUU6Y8%2B2IMLT%2F5veux1W4IkgLGyfr7k4Y3%2Bt%2FmOAUVcw%3D%3D","environmentVariables":{"FIREBASE_CONFIG":"{\"projectId\":\"bigvibestudios-b9839\",\"storageBucket\":\"bigvibestudios-b9839.firebasestorage.app\"}","GCLOUD_PROJECT":"bigvibestudios-b9839","EVENTARC_CLOUD_EVENT_SOURCE":"projects/bigvibestudios-b9839/locations/us-central1/functions/onGuestComment"},"runtime":"nodejs20","buildId":"e6039596-4176-463c-83c7-6f4479dc76ce","buildEnvironmentVariables":{"GOOGLE_NODE_RUN_SCRIPTS":""},"sourceToken":"023ce375-ffb4-4f5c-943c-86f2c58299ba","buildName":"projects/824215388091/locations/us-central1/builds/e6039596-4176-463c-83c7-6f4479dc76ce","dockerRegistry":"ARTIFACT_REGISTRY","automaticUpdatePolicy":{},"buildServiceAccount":"projects/bigvibestudios-b9839/serviceAccounts/824215388091-compute@developer.gserviceaccount.com"},"versionId":"22","updateTime":"2025-12-04T18:22:49Z","buildId":"2023c776-e27b-468c-a7e3-ec11ac74daf5","sourceToken":"023ce375-ffb4-4f5c-943c-86f2c58299ba","buildName":"projects/824215388091/locations/us-central1/builds/2023c776-e27b-468c-a7e3-ec11ac74daf5"}}
[debug] [2025-12-04T18:22:50.299Z] Got source token 023ce375-ffb4-4f5c-943c-86f2c58299ba for region us-central1
[debug] [2025-12-04T18:22:51.307Z] [update-default-us-central1-onGuestComment] Retrying task index 0
[debug] [2025-12-04T18:22:51.308Z] Checked if tokens are valid: true, expires at: 1764876081402
[debug] [2025-12-04T18:22:51.308Z] Checked if tokens are valid: true, expires at: 1764876081402
[debug] [2025-12-04T18:22:51.308Z] >>> [apiv2][query] GET https://cloudfunctions.googleapis.com/v1/operations/YmlndmliZXN0dWRpb3MtYjk4MzkvdXMtY2VudHJhbDEvb25HdWVzdENvbW1lbnQvck1qUEJwNXktbDQ [none]
[debug] [2025-12-04T18:22:51.545Z] <<< [apiv2][status] GET https://cloudfunctions.googleapis.com/v1/operations/YmlndmliZXN0dWRpb3MtYjk4MzkvdXMtY2VudHJhbDEvb25HdWVzdENvbW1lbnQvck1qUEJwNXktbDQ 200
[debug] [2025-12-04T18:22:51.545Z] <<< [apiv2][body] GET https://cloudfunctions.googleapis.com/v1/operations/YmlndmliZXN0dWRpb3MtYjk4MzkvdXMtY2VudHJhbDEvb25HdWVzdENvbW1lbnQvck1qUEJwNXktbDQ {"name":"operations/YmlndmliZXN0dWRpb3MtYjk4MzkvdXMtY2VudHJhbDEvb25HdWVzdENvbW1lbnQvck1qUEJwNXktbDQ","metadata":{"@type":"type.googleapis.com/google.cloud.functions.v1.OperationMetadataV1","target":"projects/bigvibestudios-b9839/locations/us-central1/functions/onGuestComment","type":"UPDATE_FUNCTION","request":{"@type":"type.googleapis.com/google.cloud.functions.v1.CloudFunction","name":"projects/bigvibestudios-b9839/locations/us-central1/functions/onGuestComment","eventTrigger":{"eventType":"providers/cloud.firestore/eventTypes/document.create","resource":"projects/bigvibestudios-b9839/databases/(default)/documents/studios/{studioId}/events/{eventId}/comments/{commentId}","service":"firestore.googleapis.com"},"status":"ACTIVE","entryPoint":"onGuestComment","updateTime":"2025-10-23T03:23:43.329Z","versionId":"21","labels":{"deployment-tool":"cli-firebase","firebase-functions-hash":"6c826f85f67552855e870ca66665a78e0b219a9b"},"sourceUploadUrl":"https://storage.googleapis.com/uploads-1045849998017.us-central1.cloudfunctions.appspot.com/4d7a274f-f9c2-4e27-a419-645bdc5f92ac.zip?GoogleAccessId=service-824215388091@gcf-admin-robot.iam.gserviceaccount.com&Expires=1764874310&Signature=YaUVMs%2FLvw%2ByfWQOvb8H9tgUAfahkDtBI06rX0CB89dfb6pYkL7V9Ba8MCQxnmvG%2BzwxcVqt5bUnn4nkzB6UBhU3BdamJnKwU3Y4G56kQtBW8mPdjm7vWqfcS2Dl44%2BokStp5lVOpIJchq6euyo7iQpZoZG37u6MWnM0yYKv1K%2Bub1k61gVMG4MbG1ISUg9Cq3W659wQf%2F3lTfEhIYJpwwu5mpq3Hjd2Vx7v85xJKv55X%2By8Q8lKrYMQ0H9%2F%2BukTD9NbSHvcT8wKwaUplLtpujiyM%2BQ443K%2FLXTNoY5BxIBUU6Y8%2B2IMLT%2F5veux1W4IkgLGyfr7k4Y3%2Bt%2FmOAUVcw%3D%3D","environmentVariables":{"FIREBASE_CONFIG":"{\"projectId\":\"bigvibestudios-b9839\",\"storageBucket\":\"bigvibestudios-b9839.firebasestorage.app\"}","GCLOUD_PROJECT":"bigvibestudios-b9839","EVENTARC_CLOUD_EVENT_SOURCE":"projects/bigvibestudios-b9839/locations/us-central1/functions/onGuestComment"},"runtime":"nodejs20","buildId":"e6039596-4176-463c-83c7-6f4479dc76ce","buildEnvironmentVariables":{"GOOGLE_NODE_RUN_SCRIPTS":""},"sourceToken":"023ce375-ffb4-4f5c-943c-86f2c58299ba","buildName":"projects/824215388091/locations/us-central1/builds/e6039596-4176-463c-83c7-6f4479dc76ce","dockerRegistry":"ARTIFACT_REGISTRY","automaticUpdatePolicy":{},"buildServiceAccount":"projects/bigvibestudios-b9839/serviceAccounts/824215388091-compute@developer.gserviceaccount.com"},"versionId":"22","updateTime":"2025-12-04T18:22:49Z","buildId":"2023c776-e27b-468c-a7e3-ec11ac74daf5","sourceToken":"023ce375-ffb4-4f5c-943c-86f2c58299ba","buildName":"projects/824215388091/locations/us-central1/builds/2023c776-e27b-468c-a7e3-ec11ac74daf5"}}
[debug] [2025-12-04T18:22:51.545Z] Got source token 023ce375-ffb4-4f5c-943c-86f2c58299ba for region us-central1
[debug] [2025-12-04T18:22:53.546Z] [update-default-us-central1-onGuestComment] Retrying task index 0
[debug] [2025-12-04T18:22:53.546Z] Checked if tokens are valid: true, expires at: 1764876081402
[debug] [2025-12-04T18:22:53.546Z] Checked if tokens are valid: true, expires at: 1764876081402
[debug] [2025-12-04T18:22:53.546Z] >>> [apiv2][query] GET https://cloudfunctions.googleapis.com/v1/operations/YmlndmliZXN0dWRpb3MtYjk4MzkvdXMtY2VudHJhbDEvb25HdWVzdENvbW1lbnQvck1qUEJwNXktbDQ [none]
[debug] [2025-12-04T18:22:53.760Z] <<< [apiv2][status] GET https://cloudfunctions.googleapis.com/v1/operations/YmlndmliZXN0dWRpb3MtYjk4MzkvdXMtY2VudHJhbDEvb25HdWVzdENvbW1lbnQvck1qUEJwNXktbDQ 200
[debug] [2025-12-04T18:22:53.761Z] <<< [apiv2][body] GET https://cloudfunctions.googleapis.com/v1/operations/YmlndmliZXN0dWRpb3MtYjk4MzkvdXMtY2VudHJhbDEvb25HdWVzdENvbW1lbnQvck1qUEJwNXktbDQ {"name":"operations/YmlndmliZXN0dWRpb3MtYjk4MzkvdXMtY2VudHJhbDEvb25HdWVzdENvbW1lbnQvck1qUEJwNXktbDQ","metadata":{"@type":"type.googleapis.com/google.cloud.functions.v1.OperationMetadataV1","target":"projects/bigvibestudios-b9839/locations/us-central1/functions/onGuestComment","type":"UPDATE_FUNCTION","request":{"@type":"type.googleapis.com/google.cloud.functions.v1.CloudFunction","name":"projects/bigvibestudios-b9839/locations/us-central1/functions/onGuestComment","eventTrigger":{"eventType":"providers/cloud.firestore/eventTypes/document.create","resource":"projects/bigvibestudios-b9839/databases/(default)/documents/studios/{studioId}/events/{eventId}/comments/{commentId}","service":"firestore.googleapis.com"},"status":"ACTIVE","entryPoint":"onGuestComment","updateTime":"2025-10-23T03:23:43.329Z","versionId":"21","labels":{"deployment-tool":"cli-firebase","firebase-functions-hash":"6c826f85f67552855e870ca66665a78e0b219a9b"},"sourceUploadUrl":"https://storage.googleapis.com/uploads-1045849998017.us-central1.cloudfunctions.appspot.com/4d7a274f-f9c2-4e27-a419-645bdc5f92ac.zip?GoogleAccessId=service-824215388091@gcf-admin-robot.iam.gserviceaccount.com&Expires=1764874310&Signature=YaUVMs%2FLvw%2ByfWQOvb8H9tgUAfahkDtBI06rX0CB89dfb6pYkL7V9Ba8MCQxnmvG%2BzwxcVqt5bUnn4nkzB6UBhU3BdamJnKwU3Y4G56kQtBW8mPdjm7vWqfcS2Dl44%2BokStp5lVOpIJchq6euyo7iQpZoZG37u6MWnM0yYKv1K%2Bub1k61gVMG4MbG1ISUg9Cq3W659wQf%2F3lTfEhIYJpwwu5mpq3Hjd2Vx7v85xJKv55X%2By8Q8lKrYMQ0H9%2F%2BukTD9NbSHvcT8wKwaUplLtpujiyM%2BQ443K%2FLXTNoY5BxIBUU6Y8%2B2IMLT%2F5veux1W4IkgLGyfr7k4Y3%2Bt%2FmOAUVcw%3D%3D","environmentVariables":{"FIREBASE_CONFIG":"{\"projectId\":\"bigvibestudios-b9839\",\"storageBucket\":\"bigvibestudios-b9839.firebasestorage.app\"}","GCLOUD_PROJECT":"bigvibestudios-b9839","EVENTARC_CLOUD_EVENT_SOURCE":"projects/bigvibestudios-b9839/locations/us-central1/functions/onGuestComment"},"runtime":"nodejs20","buildId":"e6039596-4176-463c-83c7-6f4479dc76ce","buildEnvironmentVariables":{"GOOGLE_NODE_RUN_SCRIPTS":""},"sourceToken":"023ce375-ffb4-4f5c-943c-86f2c58299ba","buildName":"projects/824215388091/locations/us-central1/builds/e6039596-4176-463c-83c7-6f4479dc76ce","dockerRegistry":"ARTIFACT_REGISTRY","automaticUpdatePolicy":{},"buildServiceAccount":"projects/bigvibestudios-b9839/serviceAccounts/824215388091-compute@developer.gserviceaccount.com"},"versionId":"22","updateTime":"2025-12-04T18:22:49Z","buildId":"2023c776-e27b-468c-a7e3-ec11ac74daf5","sourceToken":"023ce375-ffb4-4f5c-943c-86f2c58299ba","buildName":"projects/824215388091/locations/us-central1/builds/2023c776-e27b-468c-a7e3-ec11ac74daf5"}}
[debug] [2025-12-04T18:22:53.761Z] Got source token 023ce375-ffb4-4f5c-943c-86f2c58299ba for region us-central1
[debug] [2025-12-04T18:22:57.766Z] [update-default-us-central1-onGuestComment] Retrying task index 0
[debug] [2025-12-04T18:22:57.766Z] Checked if tokens are valid: true, expires at: 1764876081402
[debug] [2025-12-04T18:22:57.766Z] Checked if tokens are valid: true, expires at: 1764876081402
[debug] [2025-12-04T18:22:57.766Z] >>> [apiv2][query] GET https://cloudfunctions.googleapis.com/v1/operations/YmlndmliZXN0dWRpb3MtYjk4MzkvdXMtY2VudHJhbDEvb25HdWVzdENvbW1lbnQvck1qUEJwNXktbDQ [none]
[debug] [2025-12-04T18:22:57.976Z] <<< [apiv2][status] GET https://cloudfunctions.googleapis.com/v1/operations/YmlndmliZXN0dWRpb3MtYjk4MzkvdXMtY2VudHJhbDEvb25HdWVzdENvbW1lbnQvck1qUEJwNXktbDQ 200
[debug] [2025-12-04T18:22:57.976Z] <<< [apiv2][body] GET https://cloudfunctions.googleapis.com/v1/operations/YmlndmliZXN0dWRpb3MtYjk4MzkvdXMtY2VudHJhbDEvb25HdWVzdENvbW1lbnQvck1qUEJwNXktbDQ {"name":"operations/YmlndmliZXN0dWRpb3MtYjk4MzkvdXMtY2VudHJhbDEvb25HdWVzdENvbW1lbnQvck1qUEJwNXktbDQ","metadata":{"@type":"type.googleapis.com/google.cloud.functions.v1.OperationMetadataV1","target":"projects/bigvibestudios-b9839/locations/us-central1/functions/onGuestComment","type":"UPDATE_FUNCTION","request":{"@type":"type.googleapis.com/google.cloud.functions.v1.CloudFunction","name":"projects/bigvibestudios-b9839/locations/us-central1/functions/onGuestComment","eventTrigger":{"eventType":"providers/cloud.firestore/eventTypes/document.create","resource":"projects/bigvibestudios-b9839/databases/(default)/documents/studios/{studioId}/events/{eventId}/comments/{commentId}","service":"firestore.googleapis.com"},"status":"ACTIVE","entryPoint":"onGuestComment","updateTime":"2025-10-23T03:23:43.329Z","versionId":"21","labels":{"deployment-tool":"cli-firebase","firebase-functions-hash":"6c826f85f67552855e870ca66665a78e0b219a9b"},"sourceUploadUrl":"https://storage.googleapis.com/uploads-1045849998017.us-central1.cloudfunctions.appspot.com/4d7a274f-f9c2-4e27-a419-645bdc5f92ac.zip?GoogleAccessId=service-824215388091@gcf-admin-robot.iam.gserviceaccount.com&Expires=1764874310&Signature=YaUVMs%2FLvw%2ByfWQOvb8H9tgUAfahkDtBI06rX0CB89dfb6pYkL7V9Ba8MCQxnmvG%2BzwxcVqt5bUnn4nkzB6UBhU3BdamJnKwU3Y4G56kQtBW8mPdjm7vWqfcS2Dl44%2BokStp5lVOpIJchq6euyo7iQpZoZG37u6MWnM0yYKv1K%2Bub1k61gVMG4MbG1ISUg9Cq3W659wQf%2F3lTfEhIYJpwwu5mpq3Hjd2Vx7v85xJKv55X%2By8Q8lKrYMQ0H9%2F%2BukTD9NbSHvcT8wKwaUplLtpujiyM%2BQ443K%2FLXTNoY5BxIBUU6Y8%2B2IMLT%2F5veux1W4IkgLGyfr7k4Y3%2Bt%2FmOAUVcw%3D%3D","environmentVariables":{"FIREBASE_CONFIG":"{\"projectId\":\"bigvibestudios-b9839\",\"storageBucket\":\"bigvibestudios-b9839.firebasestorage.app\"}","GCLOUD_PROJECT":"bigvibestudios-b9839","EVENTARC_CLOUD_EVENT_SOURCE":"projects/bigvibestudios-b9839/locations/us-central1/functions/onGuestComment"},"runtime":"nodejs20","buildId":"e6039596-4176-463c-83c7-6f4479dc76ce","buildEnvironmentVariables":{"GOOGLE_NODE_RUN_SCRIPTS":""},"sourceToken":"023ce375-ffb4-4f5c-943c-86f2c58299ba","buildName":"projects/824215388091/locations/us-central1/builds/e6039596-4176-463c-83c7-6f4479dc76ce","dockerRegistry":"ARTIFACT_REGISTRY","automaticUpdatePolicy":{},"buildServiceAccount":"projects/bigvibestudios-b9839/serviceAccounts/824215388091-compute@developer.gserviceaccount.com"},"versionId":"22","updateTime":"2025-12-04T18:22:49Z","buildId":"2023c776-e27b-468c-a7e3-ec11ac74daf5","sourceToken":"023ce375-ffb4-4f5c-943c-86f2c58299ba","buildName":"projects/824215388091/locations/us-central1/builds/2023c776-e27b-468c-a7e3-ec11ac74daf5"}}
[debug] [2025-12-04T18:22:57.976Z] Got source token 023ce375-ffb4-4f5c-943c-86f2c58299ba for region us-central1
[debug] [2025-12-04T18:22:58.913Z] [update-default-us-central1-onHostComment] Retrying task index 0
[debug] [2025-12-04T18:22:58.913Z] Checked if tokens are valid: true, expires at: 1764876081402
[debug] [2025-12-04T18:22:58.913Z] Checked if tokens are valid: true, expires at: 1764876081402
[debug] [2025-12-04T18:22:58.913Z] >>> [apiv2][query] GET https://cloudfunctions.googleapis.com/v1/operations/YmlndmliZXN0dWRpb3MtYjk4MzkvdXMtY2VudHJhbDEvb25Ib3N0Q29tbWVudC96ZnE2aHdzUDlJOA [none]
[debug] [2025-12-04T18:22:59.119Z] <<< [apiv2][status] GET https://cloudfunctions.googleapis.com/v1/operations/YmlndmliZXN0dWRpb3MtYjk4MzkvdXMtY2VudHJhbDEvb25Ib3N0Q29tbWVudC96ZnE2aHdzUDlJOA 200
[debug] [2025-12-04T18:22:59.119Z] <<< [apiv2][body] GET https://cloudfunctions.googleapis.com/v1/operations/YmlndmliZXN0dWRpb3MtYjk4MzkvdXMtY2VudHJhbDEvb25Ib3N0Q29tbWVudC96ZnE2aHdzUDlJOA {"name":"operations/YmlndmliZXN0dWRpb3MtYjk4MzkvdXMtY2VudHJhbDEvb25Ib3N0Q29tbWVudC96ZnE2aHdzUDlJOA","metadata":{"@type":"type.googleapis.com/google.cloud.functions.v1.OperationMetadataV1","target":"projects/bigvibestudios-b9839/locations/us-central1/functions/onHostComment","type":"UPDATE_FUNCTION","request":{"@type":"type.googleapis.com/google.cloud.functions.v1.CloudFunction","name":"projects/bigvibestudios-b9839/locations/us-central1/functions/onHostComment","eventTrigger":{"eventType":"providers/cloud.firestore/eventTypes/document.create","resource":"projects/bigvibestudios-b9839/databases/(default)/documents/studios/{studioId}/events/{eventId}/comments/{commentId}","service":"firestore.googleapis.com"},"status":"ACTIVE","entryPoint":"onHostComment","updateTime":"2025-10-23T03:24:05.431Z","versionId":"25","labels":{"deployment-tool":"cli-firebase","firebase-functions-hash":"6c826f85f67552855e870ca66665a78e0b219a9b"},"sourceUploadUrl":"https://storage.googleapis.com/uploads-1045849998017.us-central1.cloudfunctions.appspot.com/4d7a274f-f9c2-4e27-a419-645bdc5f92ac.zip?GoogleAccessId=service-824215388091@gcf-admin-robot.iam.gserviceaccount.com&Expires=1764874310&Signature=YaUVMs%2FLvw%2ByfWQOvb8H9tgUAfahkDtBI06rX0CB89dfb6pYkL7V9Ba8MCQxnmvG%2BzwxcVqt5bUnn4nkzB6UBhU3BdamJnKwU3Y4G56kQtBW8mPdjm7vWqfcS2Dl44%2BokStp5lVOpIJchq6euyo7iQpZoZG37u6MWnM0yYKv1K%2Bub1k61gVMG4MbG1ISUg9Cq3W659wQf%2F3lTfEhIYJpwwu5mpq3Hjd2Vx7v85xJKv55X%2By8Q8lKrYMQ0H9%2F%2BukTD9NbSHvcT8wKwaUplLtpujiyM%2BQ443K%2FLXTNoY5BxIBUU6Y8%2B2IMLT%2F5veux1W4IkgLGyfr7k4Y3%2Bt%2FmOAUVcw%3D%3D","environmentVariables":{"FIREBASE_CONFIG":"{\"projectId\":\"bigvibestudios-b9839\",\"storageBucket\":\"bigvibestudios-b9839.firebasestorage.app\"}","GCLOUD_PROJECT":"bigvibestudios-b9839","EVENTARC_CLOUD_EVENT_SOURCE":"projects/bigvibestudios-b9839/locations/us-central1/functions/onHostComment"},"runtime":"nodejs20","buildId":"e6039596-4176-463c-83c7-6f4479dc76ce","buildEnvironmentVariables":{"GOOGLE_NODE_RUN_SCRIPTS":""},"buildName":"projects/824215388091/locations/us-central1/builds/e6039596-4176-463c-83c7-6f4479dc76ce","dockerRegistry":"ARTIFACT_REGISTRY","automaticUpdatePolicy":{},"buildServiceAccount":"projects/bigvibestudios-b9839/serviceAccounts/824215388091-compute@developer.gserviceaccount.com"},"versionId":"26","updateTime":"2025-12-04T18:21:51Z","buildId":"2023c776-e27b-468c-a7e3-ec11ac74daf5","sourceToken":"023ce375-ffb4-4f5c-943c-86f2c58299ba","buildName":"projects/824215388091/locations/us-central1/builds/2023c776-e27b-468c-a7e3-ec11ac74daf5"}}
[debug] [2025-12-04T18:22:59.119Z] Got source token 023ce375-ffb4-4f5c-943c-86f2c58299ba for region us-central1
[debug] [2025-12-04T18:23:05.982Z] [update-default-us-central1-onGuestComment] Retrying task index 0
[debug] [2025-12-04T18:23:05.982Z] Checked if tokens are valid: true, expires at: 1764876081402
[debug] [2025-12-04T18:23:05.982Z] Checked if tokens are valid: true, expires at: 1764876081402
[debug] [2025-12-04T18:23:05.982Z] >>> [apiv2][query] GET https://cloudfunctions.googleapis.com/v1/operations/YmlndmliZXN0dWRpb3MtYjk4MzkvdXMtY2VudHJhbDEvb25HdWVzdENvbW1lbnQvck1qUEJwNXktbDQ [none]
[debug] [2025-12-04T18:23:06.075Z] <<< [apiv2][status] GET https://cloudfunctions.googleapis.com/v1/operations/YmlndmliZXN0dWRpb3MtYjk4MzkvdXMtY2VudHJhbDEvb25HdWVzdENvbW1lbnQvck1qUEJwNXktbDQ 200
[debug] [2025-12-04T18:23:06.075Z] <<< [apiv2][body] GET https://cloudfunctions.googleapis.com/v1/operations/YmlndmliZXN0dWRpb3MtYjk4MzkvdXMtY2VudHJhbDEvb25HdWVzdENvbW1lbnQvck1qUEJwNXktbDQ {"name":"operations/YmlndmliZXN0dWRpb3MtYjk4MzkvdXMtY2VudHJhbDEvb25HdWVzdENvbW1lbnQvck1qUEJwNXktbDQ","metadata":{"@type":"type.googleapis.com/google.cloud.functions.v1.OperationMetadataV1","target":"projects/bigvibestudios-b9839/locations/us-central1/functions/onGuestComment","type":"UPDATE_FUNCTION","request":{"@type":"type.googleapis.com/google.cloud.functions.v1.CloudFunction","name":"projects/bigvibestudios-b9839/locations/us-central1/functions/onGuestComment","eventTrigger":{"eventType":"providers/cloud.firestore/eventTypes/document.create","resource":"projects/bigvibestudios-b9839/databases/(default)/documents/studios/{studioId}/events/{eventId}/comments/{commentId}","service":"firestore.googleapis.com"},"status":"ACTIVE","entryPoint":"onGuestComment","updateTime":"2025-10-23T03:23:43.329Z","versionId":"21","labels":{"deployment-tool":"cli-firebase","firebase-functions-hash":"6c826f85f67552855e870ca66665a78e0b219a9b"},"sourceUploadUrl":"https://storage.googleapis.com/uploads-1045849998017.us-central1.cloudfunctions.appspot.com/4d7a274f-f9c2-4e27-a419-645bdc5f92ac.zip?GoogleAccessId=service-824215388091@gcf-admin-robot.iam.gserviceaccount.com&Expires=1764874310&Signature=YaUVMs%2FLvw%2ByfWQOvb8H9tgUAfahkDtBI06rX0CB89dfb6pYkL7V9Ba8MCQxnmvG%2BzwxcVqt5bUnn4nkzB6UBhU3BdamJnKwU3Y4G56kQtBW8mPdjm7vWqfcS2Dl44%2BokStp5lVOpIJchq6euyo7iQpZoZG37u6MWnM0yYKv1K%2Bub1k61gVMG4MbG1ISUg9Cq3W659wQf%2F3lTfEhIYJpwwu5mpq3Hjd2Vx7v85xJKv55X%2By8Q8lKrYMQ0H9%2F%2BukTD9NbSHvcT8wKwaUplLtpujiyM%2BQ443K%2FLXTNoY5BxIBUU6Y8%2B2IMLT%2F5veux1W4IkgLGyfr7k4Y3%2Bt%2FmOAUVcw%3D%3D","environmentVariables":{"FIREBASE_CONFIG":"{\"projectId\":\"bigvibestudios-b9839\",\"storageBucket\":\"bigvibestudios-b9839.firebasestorage.app\"}","GCLOUD_PROJECT":"bigvibestudios-b9839","EVENTARC_CLOUD_EVENT_SOURCE":"projects/bigvibestudios-b9839/locations/us-central1/functions/onGuestComment"},"runtime":"nodejs20","buildId":"e6039596-4176-463c-83c7-6f4479dc76ce","buildEnvironmentVariables":{"GOOGLE_NODE_RUN_SCRIPTS":""},"sourceToken":"023ce375-ffb4-4f5c-943c-86f2c58299ba","buildName":"projects/824215388091/locations/us-central1/builds/e6039596-4176-463c-83c7-6f4479dc76ce","dockerRegistry":"ARTIFACT_REGISTRY","automaticUpdatePolicy":{},"buildServiceAccount":"projects/bigvibestudios-b9839/serviceAccounts/824215388091-compute@developer.gserviceaccount.com"},"versionId":"22","updateTime":"2025-12-04T18:22:49Z","buildId":"2023c776-e27b-468c-a7e3-ec11ac74daf5","sourceToken":"023ce375-ffb4-4f5c-943c-86f2c58299ba","buildName":"projects/824215388091/locations/us-central1/builds/2023c776-e27b-468c-a7e3-ec11ac74daf5"}}
[debug] [2025-12-04T18:23:06.076Z] Got source token 023ce375-ffb4-4f5c-943c-86f2c58299ba for region us-central1
[debug] [2025-12-04T18:23:09.130Z] [update-default-us-central1-onHostComment] Retrying task index 0
[debug] [2025-12-04T18:23:09.131Z] Checked if tokens are valid: true, expires at: 1764876081402
[debug] [2025-12-04T18:23:09.131Z] Checked if tokens are valid: true, expires at: 1764876081402
[debug] [2025-12-04T18:23:09.131Z] >>> [apiv2][query] GET https://cloudfunctions.googleapis.com/v1/operations/YmlndmliZXN0dWRpb3MtYjk4MzkvdXMtY2VudHJhbDEvb25Ib3N0Q29tbWVudC96ZnE2aHdzUDlJOA [none]
[debug] [2025-12-04T18:23:09.352Z] <<< [apiv2][status] GET https://cloudfunctions.googleapis.com/v1/operations/YmlndmliZXN0dWRpb3MtYjk4MzkvdXMtY2VudHJhbDEvb25Ib3N0Q29tbWVudC96ZnE2aHdzUDlJOA 200
[debug] [2025-12-04T18:23:09.352Z] <<< [apiv2][body] GET https://cloudfunctions.googleapis.com/v1/operations/YmlndmliZXN0dWRpb3MtYjk4MzkvdXMtY2VudHJhbDEvb25Ib3N0Q29tbWVudC96ZnE2aHdzUDlJOA {"name":"operations/YmlndmliZXN0dWRpb3MtYjk4MzkvdXMtY2VudHJhbDEvb25Ib3N0Q29tbWVudC96ZnE2aHdzUDlJOA","metadata":{"@type":"type.googleapis.com/google.cloud.functions.v1.OperationMetadataV1","target":"projects/bigvibestudios-b9839/locations/us-central1/functions/onHostComment","type":"UPDATE_FUNCTION","request":{"@type":"type.googleapis.com/google.cloud.functions.v1.CloudFunction","name":"projects/bigvibestudios-b9839/locations/us-central1/functions/onHostComment","eventTrigger":{"eventType":"providers/cloud.firestore/eventTypes/document.create","resource":"projects/bigvibestudios-b9839/databases/(default)/documents/studios/{studioId}/events/{eventId}/comments/{commentId}","service":"firestore.googleapis.com"},"status":"ACTIVE","entryPoint":"onHostComment","updateTime":"2025-10-23T03:24:05.431Z","versionId":"25","labels":{"deployment-tool":"cli-firebase","firebase-functions-hash":"6c826f85f67552855e870ca66665a78e0b219a9b"},"sourceUploadUrl":"https://storage.googleapis.com/uploads-1045849998017.us-central1.cloudfunctions.appspot.com/4d7a274f-f9c2-4e27-a419-645bdc5f92ac.zip?GoogleAccessId=service-824215388091@gcf-admin-robot.iam.gserviceaccount.com&Expires=1764874310&Signature=YaUVMs%2FLvw%2ByfWQOvb8H9tgUAfahkDtBI06rX0CB89dfb6pYkL7V9Ba8MCQxnmvG%2BzwxcVqt5bUnn4nkzB6UBhU3BdamJnKwU3Y4G56kQtBW8mPdjm7vWqfcS2Dl44%2BokStp5lVOpIJchq6euyo7iQpZoZG37u6MWnM0yYKv1K%2Bub1k61gVMG4MbG1ISUg9Cq3W659wQf%2F3lTfEhIYJpwwu5mpq3Hjd2Vx7v85xJKv55X%2By8Q8lKrYMQ0H9%2F%2BukTD9NbSHvcT8wKwaUplLtpujiyM%2BQ443K%2FLXTNoY5BxIBUU6Y8%2B2IMLT%2F5veux1W4IkgLGyfr7k4Y3%2Bt%2FmOAUVcw%3D%3D","environmentVariables":{"FIREBASE_CONFIG":"{\"projectId\":\"bigvibestudios-b9839\",\"storageBucket\":\"bigvibestudios-b9839.firebasestorage.app\"}","GCLOUD_PROJECT":"bigvibestudios-b9839","EVENTARC_CLOUD_EVENT_SOURCE":"projects/bigvibestudios-b9839/locations/us-central1/functions/onHostComment"},"runtime":"nodejs20","buildId":"e6039596-4176-463c-83c7-6f4479dc76ce","buildEnvironmentVariables":{"GOOGLE_NODE_RUN_SCRIPTS":""},"buildName":"projects/824215388091/locations/us-central1/builds/e6039596-4176-463c-83c7-6f4479dc76ce","dockerRegistry":"ARTIFACT_REGISTRY","automaticUpdatePolicy":{},"buildServiceAccount":"projects/bigvibestudios-b9839/serviceAccounts/824215388091-compute@developer.gserviceaccount.com"},"versionId":"26","updateTime":"2025-12-04T18:21:51Z","buildId":"2023c776-e27b-468c-a7e3-ec11ac74daf5","sourceToken":"023ce375-ffb4-4f5c-943c-86f2c58299ba","buildName":"projects/824215388091/locations/us-central1/builds/2023c776-e27b-468c-a7e3-ec11ac74daf5"}}
[debug] [2025-12-04T18:23:09.352Z] Got source token 023ce375-ffb4-4f5c-943c-86f2c58299ba for region us-central1
[debug] [2025-12-04T18:23:16.082Z] [update-default-us-central1-onGuestComment] Retrying task index 0
[debug] [2025-12-04T18:23:16.082Z] Checked if tokens are valid: true, expires at: 1764876081402
[debug] [2025-12-04T18:23:16.082Z] Checked if tokens are valid: true, expires at: 1764876081402
[debug] [2025-12-04T18:23:16.082Z] >>> [apiv2][query] GET https://cloudfunctions.googleapis.com/v1/operations/YmlndmliZXN0dWRpb3MtYjk4MzkvdXMtY2VudHJhbDEvb25HdWVzdENvbW1lbnQvck1qUEJwNXktbDQ [none]
[debug] [2025-12-04T18:23:16.299Z] <<< [apiv2][status] GET https://cloudfunctions.googleapis.com/v1/operations/YmlndmliZXN0dWRpb3MtYjk4MzkvdXMtY2VudHJhbDEvb25HdWVzdENvbW1lbnQvck1qUEJwNXktbDQ 200
[debug] [2025-12-04T18:23:16.300Z] <<< [apiv2][body] GET https://cloudfunctions.googleapis.com/v1/operations/YmlndmliZXN0dWRpb3MtYjk4MzkvdXMtY2VudHJhbDEvb25HdWVzdENvbW1lbnQvck1qUEJwNXktbDQ {"name":"operations/YmlndmliZXN0dWRpb3MtYjk4MzkvdXMtY2VudHJhbDEvb25HdWVzdENvbW1lbnQvck1qUEJwNXktbDQ","metadata":{"@type":"type.googleapis.com/google.cloud.functions.v1.OperationMetadataV1","target":"projects/bigvibestudios-b9839/locations/us-central1/functions/onGuestComment","type":"UPDATE_FUNCTION","request":{"@type":"type.googleapis.com/google.cloud.functions.v1.CloudFunction","name":"projects/bigvibestudios-b9839/locations/us-central1/functions/onGuestComment","eventTrigger":{"eventType":"providers/cloud.firestore/eventTypes/document.create","resource":"projects/bigvibestudios-b9839/databases/(default)/documents/studios/{studioId}/events/{eventId}/comments/{commentId}","service":"firestore.googleapis.com"},"status":"ACTIVE","entryPoint":"onGuestComment","updateTime":"2025-10-23T03:23:43.329Z","versionId":"21","labels":{"deployment-tool":"cli-firebase","firebase-functions-hash":"6c826f85f67552855e870ca66665a78e0b219a9b"},"sourceUploadUrl":"https://storage.googleapis.com/uploads-1045849998017.us-central1.cloudfunctions.appspot.com/4d7a274f-f9c2-4e27-a419-645bdc5f92ac.zip?GoogleAccessId=service-824215388091@gcf-admin-robot.iam.gserviceaccount.com&Expires=1764874310&Signature=YaUVMs%2FLvw%2ByfWQOvb8H9tgUAfahkDtBI06rX0CB89dfb6pYkL7V9Ba8MCQxnmvG%2BzwxcVqt5bUnn4nkzB6UBhU3BdamJnKwU3Y4G56kQtBW8mPdjm7vWqfcS2Dl44%2BokStp5lVOpIJchq6euyo7iQpZoZG37u6MWnM0yYKv1K%2Bub1k61gVMG4MbG1ISUg9Cq3W659wQf%2F3lTfEhIYJpwwu5mpq3Hjd2Vx7v85xJKv55X%2By8Q8lKrYMQ0H9%2F%2BukTD9NbSHvcT8wKwaUplLtpujiyM%2BQ443K%2FLXTNoY5BxIBUU6Y8%2B2IMLT%2F5veux1W4IkgLGyfr7k4Y3%2Bt%2FmOAUVcw%3D%3D","environmentVariables":{"FIREBASE_CONFIG":"{\"projectId\":\"bigvibestudios-b9839\",\"storageBucket\":\"bigvibestudios-b9839.firebasestorage.app\"}","GCLOUD_PROJECT":"bigvibestudios-b9839","EVENTARC_CLOUD_EVENT_SOURCE":"projects/bigvibestudios-b9839/locations/us-central1/functions/onGuestComment"},"runtime":"nodejs20","buildId":"e6039596-4176-463c-83c7-6f4479dc76ce","buildEnvironmentVariables":{"GOOGLE_NODE_RUN_SCRIPTS":""},"sourceToken":"023ce375-ffb4-4f5c-943c-86f2c58299ba","buildName":"projects/824215388091/locations/us-central1/builds/e6039596-4176-463c-83c7-6f4479dc76ce","dockerRegistry":"ARTIFACT_REGISTRY","automaticUpdatePolicy":{},"buildServiceAccount":"projects/bigvibestudios-b9839/serviceAccounts/824215388091-compute@developer.gserviceaccount.com"},"versionId":"22","updateTime":"2025-12-04T18:22:49Z","buildId":"2023c776-e27b-468c-a7e3-ec11ac74daf5","sourceToken":"023ce375-ffb4-4f5c-943c-86f2c58299ba","buildName":"projects/824215388091/locations/us-central1/builds/2023c776-e27b-468c-a7e3-ec11ac74daf5"}}
[debug] [2025-12-04T18:23:16.300Z] Got source token 023ce375-ffb4-4f5c-943c-86f2c58299ba for region us-central1
[debug] [2025-12-04T18:23:19.365Z] [update-default-us-central1-onHostComment] Retrying task index 0
[debug] [2025-12-04T18:23:19.365Z] Checked if tokens are valid: true, expires at: 1764876081402
[debug] [2025-12-04T18:23:19.365Z] Checked if tokens are valid: true, expires at: 1764876081402
[debug] [2025-12-04T18:23:19.366Z] >>> [apiv2][query] GET https://cloudfunctions.googleapis.com/v1/operations/YmlndmliZXN0dWRpb3MtYjk4MzkvdXMtY2VudHJhbDEvb25Ib3N0Q29tbWVudC96ZnE2aHdzUDlJOA [none]
[debug] [2025-12-04T18:23:19.576Z] <<< [apiv2][status] GET https://cloudfunctions.googleapis.com/v1/operations/YmlndmliZXN0dWRpb3MtYjk4MzkvdXMtY2VudHJhbDEvb25Ib3N0Q29tbWVudC96ZnE2aHdzUDlJOA 200
[debug] [2025-12-04T18:23:19.576Z] <<< [apiv2][body] GET https://cloudfunctions.googleapis.com/v1/operations/YmlndmliZXN0dWRpb3MtYjk4MzkvdXMtY2VudHJhbDEvb25Ib3N0Q29tbWVudC96ZnE2aHdzUDlJOA {"name":"operations/YmlndmliZXN0dWRpb3MtYjk4MzkvdXMtY2VudHJhbDEvb25Ib3N0Q29tbWVudC96ZnE2aHdzUDlJOA","metadata":{"@type":"type.googleapis.com/google.cloud.functions.v1.OperationMetadataV1","target":"projects/bigvibestudios-b9839/locations/us-central1/functions/onHostComment","type":"UPDATE_FUNCTION","request":{"@type":"type.googleapis.com/google.cloud.functions.v1.CloudFunction","name":"projects/bigvibestudios-b9839/locations/us-central1/functions/onHostComment","eventTrigger":{"eventType":"providers/cloud.firestore/eventTypes/document.create","resource":"projects/bigvibestudios-b9839/databases/(default)/documents/studios/{studioId}/events/{eventId}/comments/{commentId}","service":"firestore.googleapis.com"},"status":"ACTIVE","entryPoint":"onHostComment","updateTime":"2025-10-23T03:24:05.431Z","versionId":"25","labels":{"deployment-tool":"cli-firebase","firebase-functions-hash":"6c826f85f67552855e870ca66665a78e0b219a9b"},"sourceUploadUrl":"https://storage.googleapis.com/uploads-1045849998017.us-central1.cloudfunctions.appspot.com/4d7a274f-f9c2-4e27-a419-645bdc5f92ac.zip?GoogleAccessId=service-824215388091@gcf-admin-robot.iam.gserviceaccount.com&Expires=1764874310&Signature=YaUVMs%2FLvw%2ByfWQOvb8H9tgUAfahkDtBI06rX0CB89dfb6pYkL7V9Ba8MCQxnmvG%2BzwxcVqt5bUnn4nkzB6UBhU3BdamJnKwU3Y4G56kQtBW8mPdjm7vWqfcS2Dl44%2BokStp5lVOpIJchq6euyo7iQpZoZG37u6MWnM0yYKv1K%2Bub1k61gVMG4MbG1ISUg9Cq3W659wQf%2F3lTfEhIYJpwwu5mpq3Hjd2Vx7v85xJKv55X%2By8Q8lKrYMQ0H9%2F%2BukTD9NbSHvcT8wKwaUplLtpujiyM%2BQ443K%2FLXTNoY5BxIBUU6Y8%2B2IMLT%2F5veux1W4IkgLGyfr7k4Y3%2Bt%2FmOAUVcw%3D%3D","environmentVariables":{"FIREBASE_CONFIG":"{\"projectId\":\"bigvibestudios-b9839\",\"storageBucket\":\"bigvibestudios-b9839.firebasestorage.app\"}","GCLOUD_PROJECT":"bigvibestudios-b9839","EVENTARC_CLOUD_EVENT_SOURCE":"projects/bigvibestudios-b9839/locations/us-central1/functions/onHostComment"},"runtime":"nodejs20","buildId":"e6039596-4176-463c-83c7-6f4479dc76ce","buildEnvironmentVariables":{"GOOGLE_NODE_RUN_SCRIPTS":""},"buildName":"projects/824215388091/locations/us-central1/builds/e6039596-4176-463c-83c7-6f4479dc76ce","dockerRegistry":"ARTIFACT_REGISTRY","automaticUpdatePolicy":{},"buildServiceAccount":"projects/bigvibestudios-b9839/serviceAccounts/824215388091-compute@developer.gserviceaccount.com"},"versionId":"26","updateTime":"2025-12-04T18:23:10Z","buildId":"2023c776-e27b-468c-a7e3-ec11ac74daf5","sourceToken":"023ce375-ffb4-4f5c-943c-86f2c58299ba","buildName":"projects/824215388091/locations/us-central1/builds/2023c776-e27b-468c-a7e3-ec11ac74daf5"},"done":true,"response":{"@type":"type.googleapis.com/google.cloud.functions.v1.CloudFunction","name":"projects/bigvibestudios-b9839/locations/us-central1/functions/onHostComment","eventTrigger":{"eventType":"providers/cloud.firestore/eventTypes/document.create","resource":"projects/bigvibestudios-b9839/databases/(default)/documents/studios/{studioId}/events/{eventId}/comments/{commentId}","service":"firestore.googleapis.com","failurePolicy":{}},"status":"ACTIVE","entryPoint":"onHostComment","timeout":"60s","availableMemoryMb":256,"serviceAccountEmail":"bigvibestudios-b9839@appspot.gserviceaccount.com","updateTime":"2025-12-04T18:23:10.676Z","versionId":"26","labels":{"deployment-tool":"cli-firebase","firebase-functions-hash":"6c826f85f67552855e870ca66665a78e0b219a9b"},"sourceUploadUrl":"https://storage.googleapis.com/uploads-1045849998017.us-central1.cloudfunctions.appspot.com/4d7a274f-f9c2-4e27-a419-645bdc5f92ac.zip","environmentVariables":{"FIREBASE_CONFIG":"{\"projectId\":\"bigvibestudios-b9839\",\"storageBucket\":\"bigvibestudios-b9839.firebasestorage.app\"}","GCLOUD_PROJECT":"bigvibestudios-b9839","EVENTARC_CLOUD_EVENT_SOURCE":"projects/bigvibestudios-b9839/locations/us-central1/functions/onHostComment"},"runtime":"nodejs20","maxInstances":3000,"ingressSettings":"ALLOW_ALL","buildId":"2023c776-e27b-468c-a7e3-ec11ac74daf5","buildEnvironmentVariables":{"GOOGLE_NODE_RUN_SCRIPTS":""},"buildName":"projects/824215388091/locations/us-central1/builds/2023c776-e27b-468c-a7e3-ec11ac74daf5","dockerRegistry":"ARTIFACT_REGISTRY","automaticUpdatePolicy":{},"buildServiceAccount":"projects/bigvibestudios-b9839/serviceAccounts/824215388091-compute@developer.gserviceaccount.com"}}
[debug] [2025-12-04T18:23:19.576Z] Got source token 023ce375-ffb4-4f5c-943c-86f2c58299ba for region us-central1
[info] +  functions[onHostComment(us-central1)] Successful update operation. 
[debug] [2025-12-04T18:23:26.313Z] [update-default-us-central1-onGuestComment] Retrying task index 0
[debug] [2025-12-04T18:23:26.314Z] Checked if tokens are valid: true, expires at: 1764876081402
[debug] [2025-12-04T18:23:26.314Z] Checked if tokens are valid: true, expires at: 1764876081402
[debug] [2025-12-04T18:23:26.314Z] >>> [apiv2][query] GET https://cloudfunctions.googleapis.com/v1/operations/YmlndmliZXN0dWRpb3MtYjk4MzkvdXMtY2VudHJhbDEvb25HdWVzdENvbW1lbnQvck1qUEJwNXktbDQ [none]
[debug] [2025-12-04T18:23:26.543Z] <<< [apiv2][status] GET https://cloudfunctions.googleapis.com/v1/operations/YmlndmliZXN0dWRpb3MtYjk4MzkvdXMtY2VudHJhbDEvb25HdWVzdENvbW1lbnQvck1qUEJwNXktbDQ 200
[debug] [2025-12-04T18:23:26.543Z] <<< [apiv2][body] GET https://cloudfunctions.googleapis.com/v1/operations/YmlndmliZXN0dWRpb3MtYjk4MzkvdXMtY2VudHJhbDEvb25HdWVzdENvbW1lbnQvck1qUEJwNXktbDQ {"name":"operations/YmlndmliZXN0dWRpb3MtYjk4MzkvdXMtY2VudHJhbDEvb25HdWVzdENvbW1lbnQvck1qUEJwNXktbDQ","metadata":{"@type":"type.googleapis.com/google.cloud.functions.v1.OperationMetadataV1","target":"projects/bigvibestudios-b9839/locations/us-central1/functions/onGuestComment","type":"UPDATE_FUNCTION","request":{"@type":"type.googleapis.com/google.cloud.functions.v1.CloudFunction","name":"projects/bigvibestudios-b9839/locations/us-central1/functions/onGuestComment","eventTrigger":{"eventType":"providers/cloud.firestore/eventTypes/document.create","resource":"projects/bigvibestudios-b9839/databases/(default)/documents/studios/{studioId}/events/{eventId}/comments/{commentId}","service":"firestore.googleapis.com"},"status":"ACTIVE","entryPoint":"onGuestComment","updateTime":"2025-10-23T03:23:43.329Z","versionId":"21","labels":{"deployment-tool":"cli-firebase","firebase-functions-hash":"6c826f85f67552855e870ca66665a78e0b219a9b"},"sourceUploadUrl":"https://storage.googleapis.com/uploads-1045849998017.us-central1.cloudfunctions.appspot.com/4d7a274f-f9c2-4e27-a419-645bdc5f92ac.zip?GoogleAccessId=service-824215388091@gcf-admin-robot.iam.gserviceaccount.com&Expires=1764874310&Signature=YaUVMs%2FLvw%2ByfWQOvb8H9tgUAfahkDtBI06rX0CB89dfb6pYkL7V9Ba8MCQxnmvG%2BzwxcVqt5bUnn4nkzB6UBhU3BdamJnKwU3Y4G56kQtBW8mPdjm7vWqfcS2Dl44%2BokStp5lVOpIJchq6euyo7iQpZoZG37u6MWnM0yYKv1K%2Bub1k61gVMG4MbG1ISUg9Cq3W659wQf%2F3lTfEhIYJpwwu5mpq3Hjd2Vx7v85xJKv55X%2By8Q8lKrYMQ0H9%2F%2BukTD9NbSHvcT8wKwaUplLtpujiyM%2BQ443K%2FLXTNoY5BxIBUU6Y8%2B2IMLT%2F5veux1W4IkgLGyfr7k4Y3%2Bt%2FmOAUVcw%3D%3D","environmentVariables":{"FIREBASE_CONFIG":"{\"projectId\":\"bigvibestudios-b9839\",\"storageBucket\":\"bigvibestudios-b9839.firebasestorage.app\"}","GCLOUD_PROJECT":"bigvibestudios-b9839","EVENTARC_CLOUD_EVENT_SOURCE":"projects/bigvibestudios-b9839/locations/us-central1/functions/onGuestComment"},"runtime":"nodejs20","buildId":"e6039596-4176-463c-83c7-6f4479dc76ce","buildEnvironmentVariables":{"GOOGLE_NODE_RUN_SCRIPTS":""},"sourceToken":"023ce375-ffb4-4f5c-943c-86f2c58299ba","buildName":"projects/824215388091/locations/us-central1/builds/e6039596-4176-463c-83c7-6f4479dc76ce","dockerRegistry":"ARTIFACT_REGISTRY","automaticUpdatePolicy":{},"buildServiceAccount":"projects/bigvibestudios-b9839/serviceAccounts/824215388091-compute@developer.gserviceaccount.com"},"versionId":"22","updateTime":"2025-12-04T18:23:19Z","buildId":"2023c776-e27b-468c-a7e3-ec11ac74daf5","sourceToken":"023ce375-ffb4-4f5c-943c-86f2c58299ba","buildName":"projects/824215388091/locations/us-central1/builds/2023c776-e27b-468c-a7e3-ec11ac74daf5"},"done":true,"response":{"@type":"type.googleapis.com/google.cloud.functions.v1.CloudFunction","name":"projects/bigvibestudios-b9839/locations/us-central1/functions/onGuestComment","eventTrigger":{"eventType":"providers/cloud.firestore/eventTypes/document.create","resource":"projects/bigvibestudios-b9839/databases/(default)/documents/studios/{studioId}/events/{eventId}/comments/{commentId}","service":"firestore.googleapis.com","failurePolicy":{}},"status":"ACTIVE","entryPoint":"onGuestComment","timeout":"60s","availableMemoryMb":256,"serviceAccountEmail":"bigvibestudios-b9839@appspot.gserviceaccount.com","updateTime":"2025-12-04T18:23:19.187Z","versionId":"22","labels":{"deployment-tool":"cli-firebase","firebase-functions-hash":"6c826f85f67552855e870ca66665a78e0b219a9b"},"sourceUploadUrl":"https://storage.googleapis.com/uploads-1045849998017.us-central1.cloudfunctions.appspot.com/4d7a274f-f9c2-4e27-a419-645bdc5f92ac.zip","environmentVariables":{"FIREBASE_CONFIG":"{\"projectId\":\"bigvibestudios-b9839\",\"storageBucket\":\"bigvibestudios-b9839.firebasestorage.app\"}","GCLOUD_PROJECT":"bigvibestudios-b9839","EVENTARC_CLOUD_EVENT_SOURCE":"projects/bigvibestudios-b9839/locations/us-central1/functions/onGuestComment"},"runtime":"nodejs20","maxInstances":3000,"ingressSettings":"ALLOW_ALL","buildId":"2023c776-e27b-468c-a7e3-ec11ac74daf5","buildEnvironmentVariables":{"GOOGLE_NODE_RUN_SCRIPTS":""},"buildName":"projects/824215388091/locations/us-central1/builds/2023c776-e27b-468c-a7e3-ec11ac74daf5","dockerRegistry":"ARTIFACT_REGISTRY","automaticUpdatePolicy":{},"buildServiceAccount":"projects/bigvibestudios-b9839/serviceAccounts/824215388091-compute@developer.gserviceaccount.com"}}
[debug] [2025-12-04T18:23:26.543Z] Got source token 023ce375-ffb4-4f5c-943c-86f2c58299ba for region us-central1
[info] +  functions[onGuestComment(us-central1)] Successful update operation. 
[debug] [2025-12-04T18:23:26.549Z] Total Function Deployment time: 95913
[debug] [2025-12-04T18:23:26.549Z] 2 Functions Deployed
[debug] [2025-12-04T18:23:26.549Z] 0 Functions Errored
[debug] [2025-12-04T18:23:26.549Z] 0 Function Deployments Aborted
[debug] [2025-12-04T18:23:26.549Z] Average Function Deployment time: 92429
[info] i  functions: cleaning up build files... 
[debug] [2025-12-04T18:23:26.601Z] Checked if tokens are valid: true, expires at: 1764876081402
[debug] [2025-12-04T18:23:26.601Z] Checked if tokens are valid: true, expires at: 1764876081402
[debug] [2025-12-04T18:23:26.601Z] Checked if tokens are valid: true, expires at: 1764876081402
[debug] [2025-12-04T18:23:26.601Z] Checked if tokens are valid: true, expires at: 1764876081402
[debug] [2025-12-04T18:23:26.601Z] Checked if tokens are valid: true, expires at: 1764876081402
[debug] [2025-12-04T18:23:26.601Z] Checked if tokens are valid: true, expires at: 1764876081402
[debug] [2025-12-04T18:23:26.601Z] Checked if tokens are valid: true, expires at: 1764876081402
[debug] [2025-12-04T18:23:26.601Z] Checked if tokens are valid: true, expires at: 1764876081402
[debug] [2025-12-04T18:23:26.602Z] Checked if tokens are valid: true, expires at: 1764876081402
[debug] [2025-12-04T18:23:26.602Z] Checked if tokens are valid: true, expires at: 1764876081402
[debug] [2025-12-04T18:23:26.602Z] Checked if tokens are valid: true, expires at: 1764876081402
[debug] [2025-12-04T18:23:26.602Z] Checked if tokens are valid: true, expires at: 1764876081402
[debug] [2025-12-04T18:23:26.602Z] Checked if tokens are valid: true, expires at: 1764876081402
[debug] [2025-12-04T18:23:26.602Z] Checked if tokens are valid: true, expires at: 1764876081402
[debug] [2025-12-04T18:23:26.602Z] Checked if tokens are valid: true, expires at: 1764876081402
[debug] [2025-12-04T18:23:26.602Z] Checked if tokens are valid: true, expires at: 1764876081402
[debug] [2025-12-04T18:23:26.602Z] Checked if tokens are valid: true, expires at: 1764876081402
[debug] [2025-12-04T18:23:26.602Z] Checked if tokens are valid: true, expires at: 1764876081402
[debug] [2025-12-04T18:23:26.602Z] Checked if tokens are valid: true, expires at: 1764876081402
[debug] [2025-12-04T18:23:26.602Z] Checked if tokens are valid: true, expires at: 1764876081402
[debug] [2025-12-04T18:23:26.602Z] Checked if tokens are valid: true, expires at: 1764876081402
[debug] [2025-12-04T18:23:26.602Z] Checked if tokens are valid: true, expires at: 1764876081402
[debug] [2025-12-04T18:23:26.603Z] Checked if tokens are valid: true, expires at: 1764876081402
[debug] [2025-12-04T18:23:26.603Z] Checked if tokens are valid: true, expires at: 1764876081402
[debug] [2025-12-04T18:23:26.603Z] Checked if tokens are valid: true, expires at: 1764876081402
[debug] [2025-12-04T18:23:26.603Z] Checked if tokens are valid: true, expires at: 1764876081402
[debug] [2025-12-04T18:23:26.603Z] Checked if tokens are valid: true, expires at: 1764876081402
[debug] [2025-12-04T18:23:26.603Z] Checked if tokens are valid: true, expires at: 1764876081402
[debug] [2025-12-04T18:23:26.603Z] Checked if tokens are valid: true, expires at: 1764876081402
[debug] [2025-12-04T18:23:26.603Z] Checked if tokens are valid: true, expires at: 1764876081402
[debug] [2025-12-04T18:23:26.603Z] Checked if tokens are valid: true, expires at: 1764876081402
[debug] [2025-12-04T18:23:26.603Z] Checked if tokens are valid: true, expires at: 1764876081402
[debug] [2025-12-04T18:23:26.603Z] Checked if tokens are valid: true, expires at: 1764876081402
[debug] [2025-12-04T18:23:26.603Z] Checked if tokens are valid: true, expires at: 1764876081402
[debug] [2025-12-04T18:23:26.603Z] Checked if tokens are valid: true, expires at: 1764876081402
[debug] [2025-12-04T18:23:26.603Z] Checked if tokens are valid: true, expires at: 1764876081402
[debug] [2025-12-04T18:23:26.604Z] Checked if tokens are valid: true, expires at: 1764876081402
[debug] [2025-12-04T18:23:26.604Z] Checked if tokens are valid: true, expires at: 1764876081402
[debug] [2025-12-04T18:23:26.604Z] >>> [apiv2][query] DELETE https://artifactregistry.googleapis.com/v1/projects/bigvibestudios-b9839/locations/us-central1/repositories/gcf-artifacts/packages/on_user_followed [none]
[debug] [2025-12-04T18:23:26.605Z] >>> [apiv2][query] DELETE https://artifactregistry.googleapis.com/v1/projects/bigvibestudios-b9839/locations/us-central1/repositories/gcf-artifacts/packages/on_event_subscribed [none]
[debug] [2025-12-04T18:23:26.606Z] >>> [apiv2][query] DELETE https://artifactregistry.googleapis.com/v1/projects/bigvibestudios-b9839/locations/us-central1/repositories/gcf-artifacts/packages/on_event_unsubscribed [none]
[debug] [2025-12-04T18:23:26.606Z] >>> [apiv2][query] DELETE https://artifactregistry.googleapis.com/v1/projects/bigvibestudios-b9839/locations/us-central1/repositories/gcf-artifacts/packages/on_host_comment [none]
[debug] [2025-12-04T18:23:26.607Z] >>> [apiv2][query] DELETE https://artifactregistry.googleapis.com/v1/projects/bigvibestudios-b9839/locations/us-central1/repositories/gcf-artifacts/packages/on_guest_comment [none]
[debug] [2025-12-04T18:23:26.608Z] >>> [apiv2][query] DELETE https://artifactregistry.googleapis.com/v1/projects/bigvibestudios-b9839/locations/us-central1/repositories/gcf-artifacts/packages/on_event_updated [none]
[debug] [2025-12-04T18:23:26.609Z] >>> [apiv2][query] DELETE https://artifactregistry.googleapis.com/v1/projects/bigvibestudios-b9839/locations/us-central1/repositories/gcf-artifacts/packages/on_event_deleted [none]
[debug] [2025-12-04T18:23:26.610Z] >>> [apiv2][query] DELETE https://artifactregistry.googleapis.com/v1/projects/bigvibestudios-b9839/locations/us-central1/repositories/gcf-artifacts/packages/on_guest_notification_settings_updated [none]
[debug] [2025-12-04T18:23:26.610Z] >>> [apiv2][query] DELETE https://artifactregistry.googleapis.com/v1/projects/bigvibestudios-b9839/locations/us-central1/repositories/gcf-artifacts/packages/on_event_invitation [none]
[debug] [2025-12-04T18:23:26.611Z] >>> [apiv2][query] DELETE https://artifactregistry.googleapis.com/v1/projects/bigvibestudios-b9839/locations/us-central1/repositories/gcf-artifacts/packages/on_event_created [none]
[debug] [2025-12-04T18:23:26.612Z] >>> [apiv2][query] DELETE https://artifactregistry.googleapis.com/v1/projects/bigvibestudios-b9839/locations/us-central1/repositories/gcf-artifacts/packages/on_cohost_joined [none]
[debug] [2025-12-04T18:23:26.612Z] >>> [apiv2][query] DELETE https://artifactregistry.googleapis.com/v1/projects/bigvibestudios-b9839/locations/us-central1/repositories/gcf-artifacts/packages/bigvibestudios--b9839__us--central1__on_admin_announcement [none]
[debug] [2025-12-04T18:23:26.613Z] >>> [apiv2][query] DELETE https://artifactregistry.googleapis.com/v1/projects/bigvibestudios-b9839/locations/us-central1/repositories/gcf-artifacts/packages/bigvibestudios--b9839__us--central1__on_maintenance_notification [none]
[debug] [2025-12-04T18:23:26.613Z] >>> [apiv2][query] DELETE https://artifactregistry.googleapis.com/v1/projects/bigvibestudios-b9839/locations/us-central1/repositories/gcf-artifacts/packages/bigvibestudios--b9839__us--central1__on_app_update_notification [none]
[debug] [2025-12-04T18:23:26.615Z] >>> [apiv2][query] DELETE https://artifactregistry.googleapis.com/v1/projects/bigvibestudios-b9839/locations/us-central1/repositories/gcf-artifacts/packages/on_admin_notification_created [none]
[debug] [2025-12-04T18:23:26.616Z] >>> [apiv2][query] DELETE https://artifactregistry.googleapis.com/v1/projects/bigvibestudios-b9839/locations/us-central1/repositories/gcf-artifacts/packages/on_moderation_record_updated [none]
[debug] [2025-12-04T18:23:26.617Z] >>> [apiv2][query] DELETE https://artifactregistry.googleapis.com/v1/projects/bigvibestudios-b9839/locations/us-central1/repositories/gcf-artifacts/packages/on_admin_announcement_created [none]
[debug] [2025-12-04T18:23:26.617Z] >>> [apiv2][query] DELETE https://artifactregistry.googleapis.com/v1/projects/bigvibestudios-b9839/locations/us-central1/repositories/gcf-artifacts/packages/bigvibestudios--b9839__us--central1__process_scheduled_notifications [none]
[debug] [2025-12-04T18:23:26.618Z] >>> [apiv2][query] GET https://us.gcr.io/v2/bigvibestudios-b9839/gcf/us-central1/tags/list [none]
[debug] [2025-12-04T18:23:26.765Z] <<< [apiv2][status] DELETE https://artifactregistry.googleapis.com/v1/projects/bigvibestudios-b9839/locations/us-central1/repositories/gcf-artifacts/packages/on_host_comment 200
[debug] [2025-12-04T18:23:26.765Z] <<< [apiv2][body] DELETE https://artifactregistry.googleapis.com/v1/projects/bigvibestudios-b9839/locations/us-central1/repositories/gcf-artifacts/packages/on_host_comment {"name":"projects/bigvibestudios-b9839/locations/us-central1/operations/4b00ece8-d757-44c4-94de-2e4b70998530","metadata":{"@type":"type.googleapis.com/google.devtools.artifactregistry.v1.OperationMetadata"}}
[debug] [2025-12-04T18:23:26.765Z] Checked if tokens are valid: true, expires at: 1764876081402
[debug] [2025-12-04T18:23:26.765Z] Checked if tokens are valid: true, expires at: 1764876081402
[debug] [2025-12-04T18:23:26.765Z] >>> [apiv2][query] GET https://artifactregistry.googleapis.com/v1/projects/bigvibestudios-b9839/locations/us-central1/operations/4b00ece8-d757-44c4-94de-2e4b70998530 [none]
[debug] [2025-12-04T18:23:26.833Z] <<< [apiv2][status] DELETE https://artifactregistry.googleapis.com/v1/projects/bigvibestudios-b9839/locations/us-central1/repositories/gcf-artifacts/packages/on_user_followed 404
[debug] [2025-12-04T18:23:26.833Z] <<< [apiv2][body] DELETE https://artifactregistry.googleapis.com/v1/projects/bigvibestudios-b9839/locations/us-central1/repositories/gcf-artifacts/packages/on_user_followed {"error":{"code":404,"message":"Package \"projects/bigvibestudios-b9839/locations/us-central1/repositories/gcf-artifacts/packages/on_user_followed\" was not found.","status":"NOT_FOUND"}}
[debug] [2025-12-04T18:23:26.836Z] <<< [apiv2][status] DELETE https://artifactregistry.googleapis.com/v1/projects/bigvibestudios-b9839/locations/us-central1/repositories/gcf-artifacts/packages/on_event_invitation 404
[debug] [2025-12-04T18:23:26.836Z] <<< [apiv2][body] DELETE https://artifactregistry.googleapis.com/v1/projects/bigvibestudios-b9839/locations/us-central1/repositories/gcf-artifacts/packages/on_event_invitation {"error":{"code":404,"message":"Package \"projects/bigvibestudios-b9839/locations/us-central1/repositories/gcf-artifacts/packages/on_event_invitation\" was not found.","status":"NOT_FOUND"}}
[debug] [2025-12-04T18:23:26.837Z] <<< [apiv2][status] DELETE https://artifactregistry.googleapis.com/v1/projects/bigvibestudios-b9839/locations/us-central1/repositories/gcf-artifacts/packages/on_admin_notification_created 404
[debug] [2025-12-04T18:23:26.838Z] <<< [apiv2][body] DELETE https://artifactregistry.googleapis.com/v1/projects/bigvibestudios-b9839/locations/us-central1/repositories/gcf-artifacts/packages/on_admin_notification_created {"error":{"code":404,"message":"Package \"projects/bigvibestudios-b9839/locations/us-central1/repositories/gcf-artifacts/packages/on_admin_notification_created\" was not found.","status":"NOT_FOUND"}}
[debug] [2025-12-04T18:23:26.839Z] <<< [apiv2][status] DELETE https://artifactregistry.googleapis.com/v1/projects/bigvibestudios-b9839/locations/us-central1/repositories/gcf-artifacts/packages/on_event_created 404
[debug] [2025-12-04T18:23:26.839Z] <<< [apiv2][body] DELETE https://artifactregistry.googleapis.com/v1/projects/bigvibestudios-b9839/locations/us-central1/repositories/gcf-artifacts/packages/on_event_created {"error":{"code":404,"message":"Package \"projects/bigvibestudios-b9839/locations/us-central1/repositories/gcf-artifacts/packages/on_event_created\" was not found.","status":"NOT_FOUND"}}
[debug] [2025-12-04T18:23:26.840Z] <<< [apiv2][status] DELETE https://artifactregistry.googleapis.com/v1/projects/bigvibestudios-b9839/locations/us-central1/repositories/gcf-artifacts/packages/on_event_unsubscribed 404
[debug] [2025-12-04T18:23:26.840Z] <<< [apiv2][body] DELETE https://artifactregistry.googleapis.com/v1/projects/bigvibestudios-b9839/locations/us-central1/repositories/gcf-artifacts/packages/on_event_unsubscribed {"error":{"code":404,"message":"Package \"projects/bigvibestudios-b9839/locations/us-central1/repositories/gcf-artifacts/packages/on_event_unsubscribed\" was not found.","status":"NOT_FOUND"}}
[debug] [2025-12-04T18:23:26.848Z] <<< [apiv2][status] DELETE https://artifactregistry.googleapis.com/v1/projects/bigvibestudios-b9839/locations/us-central1/repositories/gcf-artifacts/packages/on_moderation_record_updated 404
[debug] [2025-12-04T18:23:26.848Z] <<< [apiv2][body] DELETE https://artifactregistry.googleapis.com/v1/projects/bigvibestudios-b9839/locations/us-central1/repositories/gcf-artifacts/packages/on_moderation_record_updated {"error":{"code":404,"message":"Package \"projects/bigvibestudios-b9839/locations/us-central1/repositories/gcf-artifacts/packages/on_moderation_record_updated\" was not found.","status":"NOT_FOUND"}}
[debug] [2025-12-04T18:23:26.852Z] <<< [apiv2][status] DELETE https://artifactregistry.googleapis.com/v1/projects/bigvibestudios-b9839/locations/us-central1/repositories/gcf-artifacts/packages/bigvibestudios--b9839__us--central1__on_admin_announcement 404
[debug] [2025-12-04T18:23:26.852Z] <<< [apiv2][body] DELETE https://artifactregistry.googleapis.com/v1/projects/bigvibestudios-b9839/locations/us-central1/repositories/gcf-artifacts/packages/bigvibestudios--b9839__us--central1__on_admin_announcement {"error":{"code":404,"message":"Package \"projects/bigvibestudios-b9839/locations/us-central1/repositories/gcf-artifacts/packages/bigvibestudios--b9839__us--central1__on_admin_announcement\" was not found.","status":"NOT_FOUND"}}
[debug] [2025-12-04T18:23:26.853Z] <<< [apiv2][status] DELETE https://artifactregistry.googleapis.com/v1/projects/bigvibestudios-b9839/locations/us-central1/repositories/gcf-artifacts/packages/on_event_deleted 404
[debug] [2025-12-04T18:23:26.853Z] <<< [apiv2][body] DELETE https://artifactregistry.googleapis.com/v1/projects/bigvibestudios-b9839/locations/us-central1/repositories/gcf-artifacts/packages/on_event_deleted {"error":{"code":404,"message":"Package \"projects/bigvibestudios-b9839/locations/us-central1/repositories/gcf-artifacts/packages/on_event_deleted\" was not found.","status":"NOT_FOUND"}}
[debug] [2025-12-04T18:23:26.857Z] <<< [apiv2][status] DELETE https://artifactregistry.googleapis.com/v1/projects/bigvibestudios-b9839/locations/us-central1/repositories/gcf-artifacts/packages/on_guest_comment 404
[debug] [2025-12-04T18:23:26.857Z] <<< [apiv2][body] DELETE https://artifactregistry.googleapis.com/v1/projects/bigvibestudios-b9839/locations/us-central1/repositories/gcf-artifacts/packages/on_guest_comment {"error":{"code":404,"message":"Package \"projects/bigvibestudios-b9839/locations/us-central1/repositories/gcf-artifacts/packages/on_guest_comment\" was not found.","status":"NOT_FOUND"}}
[debug] [2025-12-04T18:23:26.858Z] <<< [apiv2][status] DELETE https://artifactregistry.googleapis.com/v1/projects/bigvibestudios-b9839/locations/us-central1/repositories/gcf-artifacts/packages/on_admin_announcement_created 404
[debug] [2025-12-04T18:23:26.858Z] <<< [apiv2][body] DELETE https://artifactregistry.googleapis.com/v1/projects/bigvibestudios-b9839/locations/us-central1/repositories/gcf-artifacts/packages/on_admin_announcement_created {"error":{"code":404,"message":"Package \"projects/bigvibestudios-b9839/locations/us-central1/repositories/gcf-artifacts/packages/on_admin_announcement_created\" was not found.","status":"NOT_FOUND"}}
[debug] [2025-12-04T18:23:26.861Z] <<< [apiv2][status] DELETE https://artifactregistry.googleapis.com/v1/projects/bigvibestudios-b9839/locations/us-central1/repositories/gcf-artifacts/packages/bigvibestudios--b9839__us--central1__on_maintenance_notification 404
[debug] [2025-12-04T18:23:26.862Z] <<< [apiv2][body] DELETE https://artifactregistry.googleapis.com/v1/projects/bigvibestudios-b9839/locations/us-central1/repositories/gcf-artifacts/packages/bigvibestudios--b9839__us--central1__on_maintenance_notification {"error":{"code":404,"message":"Package \"projects/bigvibestudios-b9839/locations/us-central1/repositories/gcf-artifacts/packages/bigvibestudios--b9839__us--central1__on_maintenance_notification\" was not found.","status":"NOT_FOUND"}}
[debug] [2025-12-04T18:23:26.867Z] <<< [apiv2][status] DELETE https://artifactregistry.googleapis.com/v1/projects/bigvibestudios-b9839/locations/us-central1/repositories/gcf-artifacts/packages/bigvibestudios--b9839__us--central1__process_scheduled_notifications 404
[debug] [2025-12-04T18:23:26.867Z] <<< [apiv2][body] DELETE https://artifactregistry.googleapis.com/v1/projects/bigvibestudios-b9839/locations/us-central1/repositories/gcf-artifacts/packages/bigvibestudios--b9839__us--central1__process_scheduled_notifications {"error":{"code":404,"message":"Package \"projects/bigvibestudios-b9839/locations/us-central1/repositories/gcf-artifacts/packages/bigvibestudios--b9839__us--central1__process_scheduled_notifications\" was not found.","status":"NOT_FOUND"}}
[debug] [2025-12-04T18:23:26.871Z] <<< [apiv2][status] DELETE https://artifactregistry.googleapis.com/v1/projects/bigvibestudios-b9839/locations/us-central1/repositories/gcf-artifacts/packages/on_guest_notification_settings_updated 404
[debug] [2025-12-04T18:23:26.871Z] <<< [apiv2][body] DELETE https://artifactregistry.googleapis.com/v1/projects/bigvibestudios-b9839/locations/us-central1/repositories/gcf-artifacts/packages/on_guest_notification_settings_updated {"error":{"code":404,"message":"Package \"projects/bigvibestudios-b9839/locations/us-central1/repositories/gcf-artifacts/packages/on_guest_notification_settings_updated\" was not found.","status":"NOT_FOUND"}}
[debug] [2025-12-04T18:23:26.872Z] <<< [apiv2][status] DELETE https://artifactregistry.googleapis.com/v1/projects/bigvibestudios-b9839/locations/us-central1/repositories/gcf-artifacts/packages/on_event_subscribed 404
[debug] [2025-12-04T18:23:26.872Z] <<< [apiv2][body] DELETE https://artifactregistry.googleapis.com/v1/projects/bigvibestudios-b9839/locations/us-central1/repositories/gcf-artifacts/packages/on_event_subscribed {"error":{"code":404,"message":"Package \"projects/bigvibestudios-b9839/locations/us-central1/repositories/gcf-artifacts/packages/on_event_subscribed\" was not found.","status":"NOT_FOUND"}}
[debug] [2025-12-04T18:23:26.877Z] <<< [apiv2][status] DELETE https://artifactregistry.googleapis.com/v1/projects/bigvibestudios-b9839/locations/us-central1/repositories/gcf-artifacts/packages/on_cohost_joined 404
[debug] [2025-12-04T18:23:26.877Z] <<< [apiv2][body] DELETE https://artifactregistry.googleapis.com/v1/projects/bigvibestudios-b9839/locations/us-central1/repositories/gcf-artifacts/packages/on_cohost_joined {"error":{"code":404,"message":"Package \"projects/bigvibestudios-b9839/locations/us-central1/repositories/gcf-artifacts/packages/on_cohost_joined\" was not found.","status":"NOT_FOUND"}}
[debug] [2025-12-04T18:23:26.878Z] <<< [apiv2][status] DELETE https://artifactregistry.googleapis.com/v1/projects/bigvibestudios-b9839/locations/us-central1/repositories/gcf-artifacts/packages/bigvibestudios--b9839__us--central1__on_app_update_notification 404
[debug] [2025-12-04T18:23:26.878Z] <<< [apiv2][body] DELETE https://artifactregistry.googleapis.com/v1/projects/bigvibestudios-b9839/locations/us-central1/repositories/gcf-artifacts/packages/bigvibestudios--b9839__us--central1__on_app_update_notification {"error":{"code":404,"message":"Package \"projects/bigvibestudios-b9839/locations/us-central1/repositories/gcf-artifacts/packages/bigvibestudios--b9839__us--central1__on_app_update_notification\" was not found.","status":"NOT_FOUND"}}
[debug] [2025-12-04T18:23:26.889Z] <<< [apiv2][status] DELETE https://artifactregistry.googleapis.com/v1/projects/bigvibestudios-b9839/locations/us-central1/repositories/gcf-artifacts/packages/on_event_updated 404
[debug] [2025-12-04T18:23:26.889Z] <<< [apiv2][body] DELETE https://artifactregistry.googleapis.com/v1/projects/bigvibestudios-b9839/locations/us-central1/repositories/gcf-artifacts/packages/on_event_updated {"error":{"code":404,"message":"Package \"projects/bigvibestudios-b9839/locations/us-central1/repositories/gcf-artifacts/packages/on_event_updated\" was not found.","status":"NOT_FOUND"}}
[debug] [2025-12-04T18:23:26.927Z] <<< [apiv2][status] GET https://us.gcr.io/v2/bigvibestudios-b9839/gcf/us-central1/tags/list 404
[debug] [2025-12-04T18:23:26.927Z] <<< [apiv2][body] GET https://us.gcr.io/v2/bigvibestudios-b9839/gcf/us-central1/tags/list {"errors":[{"code":"NAME_UNKNOWN","message":"Repository \"us.gcr.io\" not found"}]}
[debug] [2025-12-04T18:23:26.927Z] Failed docker command with error  Request to https://us.gcr.io/v2/bigvibestudios-b9839/gcf/us-central1/tags/list had HTTP Error: 404, Not Found {"name":"FirebaseError","children":[],"context":{"body":{"errors":[{"code":"NAME_UNKNOWN","message":"Repository \"us.gcr.io\" not found"}],"error":{"message":"Not Found"}},"response":{"statusCode":404}},"exit":1,"message":"Request to https://us.gcr.io/v2/bigvibestudios-b9839/gcf/us-central1/tags/list had HTTP Error: 404, Not Found","status":404}
[debug] [2025-12-04T18:23:26.929Z] Checked if tokens are valid: true, expires at: 1764876081402
[debug] [2025-12-04T18:23:26.929Z] Checked if tokens are valid: true, expires at: 1764876081402
[debug] [2025-12-04T18:23:26.929Z] >>> [apiv2][query] GET https://us.gcr.io/v2/bigvibestudios-b9839/gcf/us-central1/tags/list [none]
[debug] [2025-12-04T18:23:26.953Z] <<< [apiv2][status] GET https://artifactregistry.googleapis.com/v1/projects/bigvibestudios-b9839/locations/us-central1/operations/4b00ece8-d757-44c4-94de-2e4b70998530 200
[debug] [2025-12-04T18:23:26.953Z] <<< [apiv2][body] GET https://artifactregistry.googleapis.com/v1/projects/bigvibestudios-b9839/locations/us-central1/operations/4b00ece8-d757-44c4-94de-2e4b70998530 {"name":"projects/bigvibestudios-b9839/locations/us-central1/operations/4b00ece8-d757-44c4-94de-2e4b70998530","metadata":{"@type":"type.googleapis.com/google.devtools.artifactregistry.v1.OperationMetadata"},"done":true,"response":{"@type":"type.googleapis.com/google.protobuf.Empty"}}
[debug] [2025-12-04T18:23:27.083Z] <<< [apiv2][status] GET https://us.gcr.io/v2/bigvibestudios-b9839/gcf/us-central1/tags/list 404
[debug] [2025-12-04T18:23:27.083Z] <<< [apiv2][body] GET https://us.gcr.io/v2/bigvibestudios-b9839/gcf/us-central1/tags/list {"errors":[{"code":"NAME_UNKNOWN","message":"Repository \"us.gcr.io\" not found"}]}
[debug] [2025-12-04T18:23:27.083Z] Failed docker command with error  Request to https://us.gcr.io/v2/bigvibestudios-b9839/gcf/us-central1/tags/list had HTTP Error: 404, Not Found {"name":"FirebaseError","children":[],"context":{"body":{"errors":[{"code":"NAME_UNKNOWN","message":"Repository \"us.gcr.io\" not found"}],"error":{"message":"Not Found"}},"response":{"statusCode":404}},"exit":1,"message":"Request to https://us.gcr.io/v2/bigvibestudios-b9839/gcf/us-central1/tags/list had HTTP Error: 404, Not Found","status":404}
[debug] [2025-12-04T18:23:27.193Z] Checked if tokens are valid: true, expires at: 1764876081402
[debug] [2025-12-04T18:23:27.193Z] Checked if tokens are valid: true, expires at: 1764876081402
[debug] [2025-12-04T18:23:27.194Z] >>> [apiv2][query] GET https://us.gcr.io/v2/bigvibestudios-b9839/gcf/us-central1/tags/list [none]
[debug] [2025-12-04T18:23:27.410Z] <<< [apiv2][status] GET https://us.gcr.io/v2/bigvibestudios-b9839/gcf/us-central1/tags/list 404
[debug] [2025-12-04T18:23:27.410Z] <<< [apiv2][body] GET https://us.gcr.io/v2/bigvibestudios-b9839/gcf/us-central1/tags/list {"errors":[{"code":"NAME_UNKNOWN","message":"Repository \"us.gcr.io\" not found"}]}
[debug] [2025-12-04T18:23:27.410Z] Failed docker command with error  Request to https://us.gcr.io/v2/bigvibestudios-b9839/gcf/us-central1/tags/list had HTTP Error: 404, Not Found {"name":"FirebaseError","children":[],"context":{"body":{"errors":[{"code":"NAME_UNKNOWN","message":"Repository \"us.gcr.io\" not found"}],"error":{"message":"Not Found"}},"response":{"statusCode":404}},"exit":1,"message":"Request to https://us.gcr.io/v2/bigvibestudios-b9839/gcf/us-central1/tags/list had HTTP Error: 404, Not Found","status":404}
[warn] !  functions: Unhandled error cleaning up build images. This could result in a small monthly bill if not corrected. You can attempt to delete these images by redeploying or you can delete them manually at https://console.cloud.google.com/gcr/images/bigvibestudios-b9839/us/gcf 
[info] 
[info] +  Deploy complete! 
[info] 
[info] Project Console: https://console.firebase.google.com/project/bigvibestudios-b9839/overview
[debug] [2025-12-04T18:23:37.478Z] Error: Timed out.
    at Timeout._onTimeout (C:\Users\tiger\AppData\Local\nvm\v18.20.8\node_modules\firebase-tools\lib\utils.js:269:49)
    at listOnTimeout (node:internal/timers:569:17)
    at process.processTimers (node:internal/timers:512:7)
[error] 
[error] Error: An unexpected error has occurred.
